run,Iteration,Fitness,Accuracy,ExecutionTime,Discrete,Real
0,0,90.9090909090909,100.0,1.0831212997436523,"[[1 1 1 1 0 1 0 1 1 0 1 0 1 1 0 0 1 0 1 0 0 0]
 [1 1 0 1 0 0 0 0 0 1 0 1 1 1 1 0 0 0 0 0 1 1]
 [1 0 1 0 0 0 0 0 0 0 1 1 1 0 1 1 0 0 1 1 0 1]
 [1 0 1 0 0 0 0 0 0 0 1 1 1 1 0 1 0 0 1 0 0 0]
 [1 1 1 1 0 0 1 1 0 0 1 1 1 0 0 0 0 1 0 0 0 1]]","[[53249.43688244 86920.22612913]
 [41200.09499388 92571.33534215]
 [88086.86140944  2535.82746986]
 [16243.45043276 16505.14747925]
 [28819.32314839 63356.66973044]]"
0,1,92.67803438291207,99.93845206954917,1.8515269756317139,"[[1 1 1 1 0 1 0 1 1 0 1 0 1 1 0 0 1 0 1 0 0 0]
 [1 1 0 1 0 0 0 0 0 1 0 1 1 1 1 0 0 0 0 0 1 1]
 [1 0 1 0 0 0 0 0 0 0 1 1 1 0 1 1 0 0 1 1 0 1]
 [1 0 1 0 0 0 0 0 0 0 1 1 1 1 0 1 0 0 1 0 0 0]
 [1 1 1 1 0 0 1 1 0 0 1 1 1 0 0 0 0 1 0 0 0 1]]","[[53249.43688244 86920.22612913]
 [41200.09499388 92571.33534215]
 [88086.86140944  2535.82746986]
 [16243.45043276 16505.14747925]
 [28819.32314839 63356.66973044]]"
0,2,92.67803438291207,99.93845206954917,2.7227649688720703,"[[1 1 1 1 0 1 0 1 1 0 1 0 1 1 0 0 1 0 1 0 0 0]
 [1 1 0 1 0 0 0 0 0 1 0 1 1 1 1 0 0 0 0 0 1 1]
 [1 0 1 0 0 0 0 0 0 0 1 1 1 0 1 1 0 0 1 1 0 1]
 [1 0 1 0 0 0 0 0 0 0 1 1 1 1 0 1 0 0 1 0 0 0]
 [1 1 1 1 0 0 1 1 0 0 1 1 1 0 0 0 0 1 0 0 0 1]]","[[53249.43688244 86920.22612913]
 [41200.09499388 92571.33534215]
 [88086.86140944  2535.82746986]
 [16243.45043276 16505.14747925]
 [28819.32314839 63356.66973044]]"
0,3,92.67803438291207,99.93845206954917,3.6288981437683105,"[[1 1 1 1 0 1 0 1 1 0 1 0 1 1 0 0 1 0 1 0 0 0]
 [1 1 0 1 0 0 0 0 0 1 0 1 1 1 1 0 0 0 0 0 1 1]
 [1 0 1 0 0 0 0 0 0 0 1 1 1 0 1 1 0 0 1 1 0 1]
 [1 0 1 0 0 0 0 0 0 0 1 1 1 1 0 1 0 0 1 0 0 0]
 [1 1 1 1 0 0 1 1 0 0 1 1 1 0 0 0 0 1 0 0 0 1]]","[[53249.43688244 86920.22612913]
 [41200.09499388 92571.33534215]
 [88086.86140944  2535.82746986]
 [16243.45043276 16505.14747925]
 [28819.32314839 63356.66973044]]"
0,4,92.72727272727272,100.0,4.392989873886108,"[[1 1 1 1 0 1 0 1 1 0 1 0 1 1 0 0 1 0 1 0 0 0]
 [1 1 0 1 0 0 0 0 0 1 0 1 1 1 1 0 0 0 0 0 1 1]
 [1 0 1 0 0 0 0 0 0 0 1 1 1 0 1 1 0 0 1 1 0 1]
 [1 0 1 0 0 0 0 0 0 0 1 1 1 1 0 1 0 0 1 0 0 0]
 [1 1 1 1 0 0 1 1 0 0 1 1 1 0 0 0 0 1 0 0 0 1]]","[[53249.43688244 86920.22612913]
 [41200.09499388 92571.33534215]
 [88086.86140944  2535.82746986]
 [16243.45043276 16505.14747925]
 [28819.32314839 63356.66973044]]"
0,5,92.72727272727272,100.0,6.1038432121276855,"[[1 1 1 1 0 1 0 1 1 0 1 0 1 1 0 0 1 0 1 0 0 0]
 [1 1 0 1 0 0 0 0 0 1 0 1 1 1 1 0 0 0 0 0 1 1]
 [1 0 1 0 0 0 0 0 0 0 1 1 1 0 1 1 0 0 1 1 0 1]
 [1 0 1 0 0 0 0 0 0 0 1 1 1 1 0 1 0 0 1 0 0 0]
 [1 1 1 1 0 0 1 1 0 0 1 1 1 0 0 0 0 1 0 0 0 1]]","[[53249.43688244 86920.22612913]
 [41200.09499388 92571.33534215]
 [88086.86140944  2535.82746986]
 [16243.45043276 16505.14747925]
 [28819.32314839 63356.66973044]]"
0,6,93.63636363636364,100.0,6.701344966888428,"[[1 1 1 1 0 1 0 1 1 0 1 0 1 1 0 0 1 0 1 0 0 0]
 [1 1 0 1 0 0 0 0 0 1 0 1 1 1 1 0 0 0 0 0 1 1]
 [1 0 1 0 0 0 0 0 0 0 1 1 1 0 1 1 0 0 1 1 0 1]
 [1 0 1 0 0 0 0 0 0 0 1 1 1 1 0 1 0 0 1 0 0 0]
 [1 1 1 1 0 0 1 1 0 0 1 1 1 0 0 0 0 1 0 0 0 1]]","[[53249.43688244 86920.22612913]
 [41200.09499388 92571.33534215]
 [88086.86140944  2535.82746986]
 [16243.45043276 16505.14747925]
 [28819.32314839 63356.66973044]]"
0,7,93.63636363636364,100.0,7.592038154602051,"[[1 1 1 1 0 1 0 1 1 0 1 0 1 1 0 0 1 0 1 0 0 0]
 [1 1 0 1 0 0 0 0 0 1 0 1 1 1 1 0 0 0 0 0 1 1]
 [1 0 1 0 0 0 0 0 0 0 1 1 1 0 1 1 0 0 1 1 0 1]
 [1 0 1 0 0 0 0 0 0 0 1 1 1 1 0 1 0 0 1 0 0 0]
 [1 1 1 1 0 0 1 1 0 0 1 1 1 0 0 0 0 1 0 0 0 1]]","[[53249.43688244 86920.22612913]
 [41200.09499388 92571.33534215]
 [88086.86140944  2535.82746986]
 [16243.45043276 16505.14747925]
 [28819.32314839 63356.66973044]]"
0,8,93.63636363636364,100.0,8.581927061080933,"[[1 1 1 1 0 1 0 1 1 0 1 0 1 1 0 0 1 0 1 0 0 0]
 [1 1 0 1 0 0 0 0 0 1 0 1 1 1 1 0 0 0 0 0 1 1]
 [1 0 1 0 0 0 0 0 0 0 1 1 1 0 1 1 0 0 1 1 0 1]
 [1 0 1 0 0 0 0 0 0 0 1 1 1 1 0 1 0 0 1 0 0 0]
 [1 1 1 1 0 0 1 1 0 0 1 1 1 0 0 0 0 1 0 0 0 1]]","[[53249.43688244 86920.22612913]
 [41200.09499388 92571.33534215]
 [88086.86140944  2535.82746986]
 [16243.45043276 16505.14747925]
 [28819.32314839 63356.66973044]]"
0,9,93.63636363636364,100.0,9.71565318107605,"[[1 1 1 1 0 1 0 1 1 0 1 0 1 1 0 0 1 0 1 0 0 0]
 [1 1 0 1 0 0 0 0 0 1 0 1 1 1 1 0 0 0 0 0 1 1]
 [1 0 1 0 0 0 0 0 0 0 1 1 1 0 1 1 0 0 1 1 0 1]
 [1 0 1 0 0 0 0 0 0 0 1 1 1 1 0 1 0 0 1 0 0 0]
 [1 1 1 1 0 0 1 1 0 0 1 1 1 0 0 0 0 1 0 0 0 1]]","[[53249.43688244 86920.22612913]
 [41200.09499388 92571.33534215]
 [88086.86140944  2535.82746986]
 [16243.45043276 16505.14747925]
 [28819.32314839 63356.66973044]]"
0,10,93.63636363636364,100.0,11.022770881652832,"[[1 1 1 1 0 1 0 1 1 0 1 0 1 1 0 0 1 0 1 0 0 0]
 [1 1 0 1 0 0 0 0 0 1 0 1 1 1 1 0 0 0 0 0 1 1]
 [1 0 1 0 0 0 0 0 0 0 1 1 1 0 1 1 0 0 1 1 0 1]
 [1 0 1 0 0 0 0 0 0 0 1 1 1 1 0 1 0 0 1 0 0 0]
 [1 1 1 1 0 0 1 1 0 0 1 1 1 0 0 0 0 1 0 0 0 1]]","[[53249.43688244 86920.22612913]
 [41200.09499388 92571.33534215]
 [88086.86140944  2535.82746986]
 [16243.45043276 16505.14747925]
 [28819.32314839 63356.66973044]]"
0,11,93.63636363636364,100.0,12.73844599723816,"[[1 1 1 1 0 1 0 1 1 0 1 0 1 1 0 0 1 0 1 0 0 0]
 [1 1 0 1 0 0 0 0 0 1 0 1 1 1 1 0 0 0 0 0 1 1]
 [1 0 1 0 0 0 0 0 0 0 1 1 1 0 1 1 0 0 1 1 0 1]
 [1 0 1 0 0 0 0 0 0 0 1 1 1 1 0 1 0 0 1 0 0 0]
 [1 1 1 1 0 0 1 1 0 0 1 1 1 0 0 0 0 1 0 0 0 1]]","[[53249.43688244 86920.22612913]
 [41200.09499388 92571.33534215]
 [88086.86140944  2535.82746986]
 [16243.45043276 16505.14747925]
 [28819.32314839 63356.66973044]]"
0,12,93.63636363636364,100.0,13.640656232833862,"[[1 1 1 1 0 1 0 1 1 0 1 0 1 1 0 0 1 0 1 0 0 0]
 [1 1 0 1 0 0 0 0 0 1 0 1 1 1 1 0 0 0 0 0 1 1]
 [1 0 1 0 0 0 0 0 0 0 1 1 1 0 1 1 0 0 1 1 0 1]
 [1 0 1 0 0 0 0 0 0 0 1 1 1 1 0 1 0 0 1 0 0 0]
 [1 1 1 1 0 0 1 1 0 0 1 1 1 0 0 0 0 1 0 0 0 1]]","[[53249.43688244 86920.22612913]
 [41200.09499388 92571.33534215]
 [88086.86140944  2535.82746986]
 [16243.45043276 16505.14747925]
 [28819.32314839 63356.66973044]]"
0,13,93.63636363636364,100.0,14.803372144699097,"[[1 1 1 1 0 1 0 1 1 0 1 0 1 1 0 0 1 0 1 0 0 0]
 [1 1 0 1 0 0 0 0 0 1 0 1 1 1 1 0 0 0 0 0 1 1]
 [1 0 1 0 0 0 0 0 0 0 1 1 1 0 1 1 0 0 1 1 0 1]
 [1 0 1 0 0 0 0 0 0 0 1 1 1 1 0 1 0 0 1 0 0 0]
 [1 1 1 1 0 0 1 1 0 0 1 1 1 0 0 0 0 1 0 0 0 1]]","[[53249.43688244 86920.22612913]
 [41200.09499388 92571.33534215]
 [88086.86140944  2535.82746986]
 [16243.45043276 16505.14747925]
 [28819.32314839 63356.66973044]]"
0,14,93.63636363636364,100.0,15.602358102798462,"[[1 1 1 1 0 1 0 1 1 0 1 0 1 1 0 0 1 0 1 0 0 0]
 [1 1 0 1 0 0 0 0 0 1 0 1 1 1 1 0 0 0 0 0 1 1]
 [1 0 1 0 0 0 0 0 0 0 1 1 1 0 1 1 0 0 1 1 0 1]
 [1 0 1 0 0 0 0 0 0 0 1 1 1 1 0 1 0 0 1 0 0 0]
 [1 1 1 1 0 0 1 1 0 0 1 1 1 0 0 0 0 1 0 0 0 1]]","[[53249.43688244 86920.22612913]
 [41200.09499388 92571.33534215]
 [88086.86140944  2535.82746986]
 [16243.45043276 16505.14747925]
 [28819.32314839 63356.66973044]]"
0,15,93.63636363636364,100.0,16.353485107421875,"[[1 1 1 1 0 1 0 1 1 0 1 0 1 1 0 0 1 0 1 0 0 0]
 [1 1 0 1 0 0 0 0 0 1 0 1 1 1 1 0 0 0 0 0 1 1]
 [1 0 1 0 0 0 0 0 0 0 1 1 1 0 1 1 0 0 1 1 0 1]
 [1 0 1 0 0 0 0 0 0 0 1 1 1 1 0 1 0 0 1 0 0 0]
 [1 1 1 1 0 0 1 1 0 0 1 1 1 0 0 0 0 1 0 0 0 1]]","[[53249.43688244 86920.22612913]
 [41200.09499388 92571.33534215]
 [88086.86140944  2535.82746986]
 [16243.45043276 16505.14747925]
 [28819.32314839 63356.66973044]]"
0,16,93.63636363636364,100.0,17.322553157806396,"[[1 1 1 1 0 1 0 1 1 0 1 0 1 1 0 0 1 0 1 0 0 0]
 [1 1 0 1 0 0 0 0 0 1 0 1 1 1 1 0 0 0 0 0 1 1]
 [1 0 1 0 0 0 0 0 0 0 1 1 1 0 1 1 0 0 1 1 0 1]
 [1 0 1 0 0 0 0 0 0 0 1 1 1 1 0 1 0 0 1 0 0 0]
 [1 1 1 1 0 0 1 1 0 0 1 1 1 0 0 0 0 1 0 0 0 1]]","[[53249.43688244 86920.22612913]
 [41200.09499388 92571.33534215]
 [88086.86140944  2535.82746986]
 [16243.45043276 16505.14747925]
 [28819.32314839 63356.66973044]]"
0,17,93.63636363636364,100.0,18.153728008270264,"[[1 1 1 1 0 1 0 1 1 0 1 0 1 1 0 0 1 0 1 0 0 0]
 [1 1 0 1 0 0 0 0 0 1 0 1 1 1 1 0 0 0 0 0 1 1]
 [1 0 1 0 0 0 0 0 0 0 1 1 1 0 1 1 0 0 1 1 0 1]
 [1 0 1 0 0 0 0 0 0 0 1 1 1 1 0 1 0 0 1 0 0 0]
 [1 1 1 1 0 0 1 1 0 0 1 1 1 0 0 0 0 1 0 0 0 1]]","[[53249.43688244 86920.22612913]
 [41200.09499388 92571.33534215]
 [88086.86140944  2535.82746986]
 [16243.45043276 16505.14747925]
 [28819.32314839 63356.66973044]]"
0,18,93.63636363636364,100.0,19.004534006118774,"[[1 1 1 1 0 1 0 1 1 0 1 0 1 1 0 0 1 0 1 0 0 0]
 [1 1 0 1 0 0 0 0 0 1 0 1 1 1 1 0 0 0 0 0 1 1]
 [1 0 1 0 0 0 0 0 0 0 1 1 1 0 1 1 0 0 1 1 0 1]
 [1 0 1 0 0 0 0 0 0 0 1 1 1 1 0 1 0 0 1 0 0 0]
 [1 1 1 1 0 0 1 1 0 0 1 1 1 0 0 0 0 1 0 0 0 1]]","[[53249.43688244 86920.22612913]
 [41200.09499388 92571.33534215]
 [88086.86140944  2535.82746986]
 [16243.45043276 16505.14747925]
 [28819.32314839 63356.66973044]]"
0,19,94.42235868455288,99.84613017387291,19.96860909461975,"[[1 1 1 1 0 1 0 1 1 0 1 0 1 1 0 0 1 0 1 0 0 0]
 [1 1 0 1 0 0 0 0 0 1 0 1 1 1 1 0 0 0 0 0 1 1]
 [1 0 1 0 0 0 0 0 0 0 1 1 1 0 1 1 0 0 1 1 0 1]
 [1 0 1 0 0 0 0 0 0 0 1 1 1 1 0 1 0 0 1 0 0 0]
 [1 1 1 1 0 0 1 1 0 0 1 1 1 0 0 0 0 1 0 0 0 1]]","[[53249.43688244 86920.22612913]
 [41200.09499388 92571.33534215]
 [88086.86140944  2535.82746986]
 [16243.45043276 16505.14747925]
 [28819.32314839 63356.66973044]]"
1,0,92.53031934983005,99.75380827819664,0.706773042678833,"[[1 1 0 1 0 1 0 1 0 0 1 0 1 1 0 1 0 0 0 1 1 1]
 [1 0 0 1 1 0 0 0 0 1 1 0 1 0 0 0 0 0 1 1 0 1]
 [1 0 0 1 1 1 1 1 0 0 1 0 0 1 0 1 0 0 0 1 1 0]
 [0 0 0 1 1 0 0 0 0 0 0 1 0 1 1 0 0 0 1 1 0 1]
 [0 0 1 0 1 1 1 1 0 0 1 1 0 1 0 1 0 1 0 1 0 0]]","[[18718.14238819 78806.87298588]
 [38626.8638441  72289.79194761]
 [83092.66641547 99424.5848386 ]
 [20098.70326884 84417.04000573]
 [91453.40767197 23519.60162818]]"
1,1,92.53031934983005,99.75380827819664,2.2573039531707764,"[[1 1 0 1 0 1 0 1 0 0 1 0 1 1 0 1 0 0 0 1 1 1]
 [1 0 0 1 1 0 0 0 0 1 1 0 1 0 0 0 0 0 1 1 0 1]
 [1 0 0 1 1 1 1 1 0 0 1 0 0 1 0 1 0 0 0 1 1 0]
 [0 0 0 1 1 0 0 0 0 0 0 1 0 1 1 0 0 0 1 1 0 1]
 [0 0 1 0 1 1 1 1 0 0 1 1 0 1 0 1 0 1 0 1 0 0]]","[[18718.14238819 78806.87298588]
 [38626.8638441  72289.79194761]
 [83092.66641547 99424.5848386 ]
 [20098.70326884 84417.04000573]
 [91453.40767197 23519.60162818]]"
1,2,92.72727272727272,100.0,2.792858839035034,"[[1 1 0 1 0 1 0 1 0 0 1 0 1 1 0 1 0 0 0 1 1 1]
 [1 0 0 1 1 0 0 0 0 1 1 0 1 0 0 0 0 0 1 1 0 1]
 [1 0 0 1 1 1 1 1 0 0 1 0 0 1 0 1 0 0 0 1 1 0]
 [0 0 0 1 1 0 0 0 0 0 0 1 0 1 1 0 0 0 1 1 0 1]
 [0 0 1 0 1 1 1 1 0 0 1 1 0 1 0 1 0 1 0 1 0 0]]","[[18718.14238819 78806.87298588]
 [38626.8638441  72289.79194761]
 [83092.66641547 99424.5848386 ]
 [20098.70326884 84417.04000573]
 [91453.40767197 23519.60162818]]"
1,3,92.72727272727272,100.0,4.445356130599976,"[[1 1 0 1 0 1 0 1 0 0 1 0 1 1 0 1 0 0 0 1 1 1]
 [1 0 0 1 1 0 0 0 0 1 1 0 1 0 0 0 0 0 1 1 0 1]
 [1 0 0 1 1 1 1 1 0 0 1 0 0 1 0 1 0 0 0 1 1 0]
 [0 0 0 1 1 0 0 0 0 0 0 1 0 1 1 0 0 0 1 1 0 1]
 [0 0 1 0 1 1 1 1 0 0 1 1 0 1 0 1 0 1 0 1 0 0]]","[[18718.14238819 78806.87298588]
 [38626.8638441  72289.79194761]
 [83092.66641547 99424.5848386 ]
 [20098.70326884 84417.04000573]
 [91453.40767197 23519.60162818]]"
1,4,92.72727272727272,100.0,5.057255029678345,"[[1 1 0 1 0 1 0 1 0 0 1 0 1 1 0 1 0 0 0 1 1 1]
 [1 0 0 1 1 0 0 0 0 1 1 0 1 0 0 0 0 0 1 1 0 1]
 [1 0 0 1 1 1 1 1 0 0 1 0 0 1 0 1 0 0 0 1 1 0]
 [0 0 0 1 1 0 0 0 0 0 0 1 0 1 1 0 0 0 1 1 0 1]
 [0 0 1 0 1 1 1 1 0 0 1 1 0 1 0 1 0 1 0 1 0 0]]","[[18718.14238819 78806.87298588]
 [38626.8638441  72289.79194761]
 [83092.66641547 99424.5848386 ]
 [20098.70326884 84417.04000573]
 [91453.40767197 23519.60162818]]"
1,5,92.72727272727272,100.0,6.3028600215911865,"[[1 1 0 1 0 1 0 1 0 0 1 0 1 1 0 1 0 0 0 1 1 1]
 [1 0 0 1 1 0 0 0 0 1 1 0 1 0 0 0 0 0 1 1 0 1]
 [1 0 0 1 1 1 1 1 0 0 1 0 0 1 0 1 0 0 0 1 1 0]
 [0 0 0 1 1 0 0 0 0 0 0 1 0 1 1 0 0 0 1 1 0 1]
 [0 0 1 0 1 1 1 1 0 0 1 1 0 1 0 1 0 1 0 1 0 0]]","[[18718.14238819 78806.87298588]
 [38626.8638441  72289.79194761]
 [83092.66641547 99424.5848386 ]
 [20098.70326884 84417.04000573]
 [91453.40767197 23519.60162818]]"
1,6,92.72727272727272,100.0,7.267225980758667,"[[1 1 0 1 0 1 0 1 0 0 1 0 1 1 0 1 0 0 0 1 1 1]
 [1 0 0 1 1 0 0 0 0 1 1 0 1 0 0 0 0 0 1 1 0 1]
 [1 0 0 1 1 1 1 1 0 0 1 0 0 1 0 1 0 0 0 1 1 0]
 [0 0 0 1 1 0 0 0 0 0 0 1 0 1 1 0 0 0 1 1 0 1]
 [0 0 1 0 1 1 1 1 0 0 1 1 0 1 0 1 0 1 0 1 0 0]]","[[18718.14238819 78806.87298588]
 [38626.8638441  72289.79194761]
 [83092.66641547 99424.5848386 ]
 [20098.70326884 84417.04000573]
 [91453.40767197 23519.60162818]]"
1,7,92.72727272727272,100.0,8.3466157913208,"[[1 1 0 1 0 1 0 1 0 0 1 0 1 1 0 1 0 0 0 1 1 1]
 [1 0 0 1 1 0 0 0 0 1 1 0 1 0 0 0 0 0 1 1 0 1]
 [1 0 0 1 1 1 1 1 0 0 1 0 0 1 0 1 0 0 0 1 1 0]
 [0 0 0 1 1 0 0 0 0 0 0 1 0 1 1 0 0 0 1 1 0 1]
 [0 0 1 0 1 1 1 1 0 0 1 1 0 1 0 1 0 1 0 1 0 0]]","[[18718.14238819 78806.87298588]
 [38626.8638441  72289.79194761]
 [83092.66641547 99424.5848386 ]
 [20098.70326884 84417.04000573]
 [91453.40767197 23519.60162818]]"
1,8,92.72727272727272,100.0,9.13376498222351,"[[1 1 0 1 0 1 0 1 0 0 1 0 1 1 0 1 0 0 0 1 1 1]
 [1 0 0 1 1 0 0 0 0 1 1 0 1 0 0 0 0 0 1 1 0 1]
 [1 0 0 1 1 1 1 1 0 0 1 0 0 1 0 1 0 0 0 1 1 0]
 [0 0 0 1 1 0 0 0 0 0 0 1 0 1 1 0 0 0 1 1 0 1]
 [0 0 1 0 1 1 1 1 0 0 1 1 0 1 0 1 0 1 0 1 0 0]]","[[18718.14238819 78806.87298588]
 [38626.8638441  72289.79194761]
 [83092.66641547 99424.5848386 ]
 [20098.70326884 84417.04000573]
 [91453.40767197 23519.60162818]]"
1,9,92.72727272727272,100.0,9.912946939468384,"[[1 1 0 1 0 1 0 1 0 0 1 0 1 1 0 1 0 0 0 1 1 1]
 [1 0 0 1 1 0 0 0 0 1 1 0 1 0 0 0 0 0 1 1 0 1]
 [1 0 0 1 1 1 1 1 0 0 1 0 0 1 0 1 0 0 0 1 1 0]
 [0 0 0 1 1 0 0 0 0 0 0 1 0 1 1 0 0 0 1 1 0 1]
 [0 0 1 0 1 1 1 1 0 0 1 1 0 1 0 1 0 1 0 1 0 0]]","[[18718.14238819 78806.87298588]
 [38626.8638441  72289.79194761]
 [83092.66641547 99424.5848386 ]
 [20098.70326884 84417.04000573]
 [91453.40767197 23519.60162818]]"
1,10,92.72727272727272,100.0,11.419667959213257,"[[1 1 0 1 0 1 0 1 0 0 1 0 1 1 0 1 0 0 0 1 1 1]
 [1 0 0 1 1 0 0 0 0 1 1 0 1 0 0 0 0 0 1 1 0 1]
 [1 0 0 1 1 1 1 1 0 0 1 0 0 1 0 1 0 0 0 1 1 0]
 [0 0 0 1 1 0 0 0 0 0 0 1 0 1 1 0 0 0 1 1 0 1]
 [0 0 1 0 1 1 1 1 0 0 1 1 0 1 0 1 0 1 0 1 0 0]]","[[18718.14238819 78806.87298588]
 [38626.8638441  72289.79194761]
 [83092.66641547 99424.5848386 ]
 [20098.70326884 84417.04000573]
 [91453.40767197 23519.60162818]]"
1,11,92.72727272727272,100.0,12.166703939437866,"[[1 1 0 1 0 1 0 1 0 0 1 0 1 1 0 1 0 0 0 1 1 1]
 [1 0 0 1 1 0 0 0 0 1 1 0 1 0 0 0 0 0 1 1 0 1]
 [1 0 0 1 1 1 1 1 0 0 1 0 0 1 0 1 0 0 0 1 1 0]
 [0 0 0 1 1 0 0 0 0 0 0 1 0 1 1 0 0 0 1 1 0 1]
 [0 0 1 0 1 1 1 1 0 0 1 1 0 1 0 1 0 1 0 1 0 0]]","[[18718.14238819 78806.87298588]
 [38626.8638441  72289.79194761]
 [83092.66641547 99424.5848386 ]
 [20098.70326884 84417.04000573]
 [91453.40767197 23519.60162818]]"
1,12,92.72727272727272,100.0,14.144066095352173,"[[1 1 0 1 0 1 0 1 0 0 1 0 1 1 0 1 0 0 0 1 1 1]
 [1 0 0 1 1 0 0 0 0 1 1 0 1 0 0 0 0 0 1 1 0 1]
 [1 0 0 1 1 1 1 1 0 0 1 0 0 1 0 1 0 0 0 1 1 0]
 [0 0 0 1 1 0 0 0 0 0 0 1 0 1 1 0 0 0 1 1 0 1]
 [0 0 1 0 1 1 1 1 0 0 1 1 0 1 0 1 0 1 0 1 0 0]]","[[18718.14238819 78806.87298588]
 [38626.8638441  72289.79194761]
 [83092.66641547 99424.5848386 ]
 [20098.70326884 84417.04000573]
 [91453.40767197 23519.60162818]]"
1,13,92.72727272727272,100.0,14.901121139526367,"[[1 1 0 1 0 1 0 1 0 0 1 0 1 1 0 1 0 0 0 1 1 1]
 [1 0 0 1 1 0 0 0 0 1 1 0 1 0 0 0 0 0 1 1 0 1]
 [1 0 0 1 1 1 1 1 0 0 1 0 0 1 0 1 0 0 0 1 1 0]
 [0 0 0 1 1 0 0 0 0 0 0 1 0 1 1 0 0 0 1 1 0 1]
 [0 0 1 0 1 1 1 1 0 0 1 1 0 1 0 1 0 1 0 1 0 0]]","[[18718.14238819 78806.87298588]
 [38626.8638441  72289.79194761]
 [83092.66641547 99424.5848386 ]
 [20098.70326884 84417.04000573]
 [91453.40767197 23519.60162818]]"
1,14,92.72727272727272,100.0,15.794471979141235,"[[1 1 0 1 0 1 0 1 0 0 1 0 1 1 0 1 0 0 0 1 1 1]
 [1 0 0 1 1 0 0 0 0 1 1 0 1 0 0 0 0 0 1 1 0 1]
 [1 0 0 1 1 1 1 1 0 0 1 0 0 1 0 1 0 0 0 1 1 0]
 [0 0 0 1 1 0 0 0 0 0 0 1 0 1 1 0 0 0 1 1 0 1]
 [0 0 1 0 1 1 1 1 0 0 1 1 0 1 0 1 0 1 0 1 0 0]]","[[18718.14238819 78806.87298588]
 [38626.8638441  72289.79194761]
 [83092.66641547 99424.5848386 ]
 [20098.70326884 84417.04000573]
 [91453.40767197 23519.60162818]]"
1,15,93.36555274237996,99.6614863825204,17.126648902893066,"[[1 1 0 1 0 1 0 1 0 0 1 0 1 1 0 1 0 0 0 1 1 1]
 [1 0 0 1 1 0 0 0 0 1 1 0 1 0 0 0 0 0 1 1 0 1]
 [1 0 0 1 1 1 1 1 0 0 1 0 0 1 0 1 0 0 0 1 1 0]
 [0 0 0 1 1 0 0 0 0 0 0 1 0 1 1 0 0 0 1 1 0 1]
 [0 0 1 0 1 1 1 1 0 0 1 1 0 1 0 1 0 1 0 1 0 0]]","[[18718.14238819 78806.87298588]
 [38626.8638441  72289.79194761]
 [83092.66641547 99424.5848386 ]
 [20098.70326884 84417.04000573]
 [91453.40767197 23519.60162818]]"
1,16,93.36555274237996,99.6614863825204,17.517411947250366,"[[1 1 0 1 0 1 0 1 0 0 1 0 1 1 0 1 0 0 0 1 1 1]
 [1 0 0 1 1 0 0 0 0 1 1 0 1 0 0 0 0 0 1 1 0 1]
 [1 0 0 1 1 1 1 1 0 0 1 0 0 1 0 1 0 0 0 1 1 0]
 [0 0 0 1 1 0 0 0 0 0 0 1 0 1 1 0 0 0 1 1 0 1]
 [0 0 1 0 1 1 1 1 0 0 1 1 0 1 0 1 0 1 0 1 0 0]]","[[18718.14238819 78806.87298588]
 [38626.8638441  72289.79194761]
 [83092.66641547 99424.5848386 ]
 [20098.70326884 84417.04000573]
 [91453.40767197 23519.60162818]]"
1,17,93.36555274237996,99.6614863825204,18.353596925735474,"[[1 1 0 1 0 1 0 1 0 0 1 0 1 1 0 1 0 0 0 1 1 1]
 [1 0 0 1 1 0 0 0 0 1 1 0 1 0 0 0 0 0 1 1 0 1]
 [1 0 0 1 1 1 1 1 0 0 1 0 0 1 0 1 0 0 0 1 1 0]
 [0 0 0 1 1 0 0 0 0 0 0 1 0 1 1 0 0 0 1 1 0 1]
 [0 0 1 0 1 1 1 1 0 0 1 1 0 1 0 1 0 1 0 1 0 0]]","[[18718.14238819 78806.87298588]
 [38626.8638441  72289.79194761]
 [83092.66641547 99424.5848386 ]
 [20098.70326884 84417.04000573]
 [91453.40767197 23519.60162818]]"
1,18,93.36555274237996,99.6614863825204,18.850024938583374,"[[1 1 0 1 0 1 0 1 0 0 1 0 1 1 0 1 0 0 0 1 1 1]
 [1 0 0 1 1 0 0 0 0 1 1 0 1 0 0 0 0 0 1 1 0 1]
 [1 0 0 1 1 1 1 1 0 0 1 0 0 1 0 1 0 0 0 1 1 0]
 [0 0 0 1 1 0 0 0 0 0 0 1 0 1 1 0 0 0 1 1 0 1]
 [0 0 1 0 1 1 1 1 0 0 1 1 0 1 0 1 0 1 0 1 0 0]]","[[18718.14238819 78806.87298588]
 [38626.8638441  72289.79194761]
 [83092.66641547 99424.5848386 ]
 [20098.70326884 84417.04000573]
 [91453.40767197 23519.60162818]]"
1,19,93.36555274237996,99.6614863825204,19.460208892822266,"[[1 1 0 1 0 1 0 1 0 0 1 0 1 1 0 1 0 0 0 1 1 1]
 [1 0 0 1 1 0 0 0 0 1 1 0 1 0 0 0 0 0 1 1 0 1]
 [1 0 0 1 1 1 1 1 0 0 1 0 0 1 0 1 0 0 0 1 1 0]
 [0 0 0 1 1 0 0 0 0 0 0 1 0 1 1 0 0 0 1 1 0 1]
 [0 0 1 0 1 1 1 1 0 0 1 1 0 1 0 1 0 1 0 1 0 0]]","[[18718.14238819 78806.87298588]
 [38626.8638441  72289.79194761]
 [83092.66641547 99424.5848386 ]
 [20098.70326884 84417.04000573]
 [91453.40767197 23519.60162818]]"
2,0,91.81818181818181,100.0,1.126899003982544,"[[0 1 1 0 1 1 1 1 1 1 0 0 0 0 1 1 0 1 0 0 0 1]
 [1 1 0 0 1 0 1 1 0 0 0 0 0 0 0 0 0 0 1 1 0 1]
 [0 1 0 1 1 1 1 1 1 0 0 0 0 0 0 1 0 1 0 0 0 1]
 [1 1 0 0 0 0 1 1 1 1 0 0 1 0 1 0 0 0 1 0 1 0]
 [0 1 0 0 0 1 1 0 1 1 0 1 0 0 0 0 1 0 1 1 0 1]]","[[71861.86100924 39259.24508338]
 [60701.38127361 51078.27390488]
 [68955.08707236 11493.23758981]
 [42403.03358513 97263.85752397]
 [45176.52724568 49427.76028628]]"
2,1,91.81818181818181,100.0,2.694377899169922,"[[0 1 1 0 1 1 1 1 1 1 0 0 0 0 1 1 0 1 0 0 0 1]
 [1 1 0 0 1 0 1 1 0 0 0 0 0 0 0 0 0 0 1 1 0 1]
 [0 1 0 1 1 1 1 1 1 0 0 0 0 0 0 1 0 1 0 0 0 1]
 [1 1 0 0 0 0 1 1 1 1 0 0 1 0 1 0 0 0 1 0 1 0]
 [0 1 0 0 0 1 1 0 1 1 0 1 0 0 0 0 1 0 1 1 0 1]]","[[71861.86100924 39259.24508338]
 [60701.38127361 51078.27390488]
 [68955.08707236 11493.23758981]
 [42403.03358513 97263.85752397]
 [45176.52724568 49427.76028628]]"
2,2,91.81818181818181,100.0,3.6763100624084473,"[[0 1 1 0 1 1 1 1 1 1 0 0 0 0 1 1 0 1 0 0 0 1]
 [1 1 0 0 1 0 1 1 0 0 0 0 0 0 0 0 0 0 1 1 0 1]
 [0 1 0 1 1 1 1 1 1 0 0 0 0 0 0 1 0 1 0 0 0 1]
 [1 1 0 0 0 0 1 1 1 1 0 0 1 0 1 0 0 0 1 0 1 0]
 [0 1 0 0 0 1 1 0 1 1 0 1 0 0 0 0 1 0 1 1 0 1]]","[[71861.86100924 39259.24508338]
 [60701.38127361 51078.27390488]
 [68955.08707236 11493.23758981]
 [42403.03358513 97263.85752397]
 [45176.52724568 49427.76028628]]"
2,3,91.81818181818181,100.0,4.620771884918213,"[[0 1 1 0 1 1 1 1 1 1 0 0 0 0 1 1 0 1 0 0 0 1]
 [1 1 0 0 1 0 1 1 0 0 0 0 0 0 0 0 0 0 1 1 0 1]
 [0 1 0 1 1 1 1 1 1 0 0 0 0 0 0 1 0 1 0 0 0 1]
 [1 1 0 0 0 0 1 1 1 1 0 0 1 0 1 0 0 0 1 0 1 0]
 [0 1 0 0 0 1 1 0 1 1 0 1 0 0 0 0 1 0 1 1 0 1]]","[[71861.86100924 39259.24508338]
 [60701.38127361 51078.27390488]
 [68955.08707236 11493.23758981]
 [42403.03358513 97263.85752397]
 [45176.52724568 49427.76028628]]"
2,4,92.91009805704375,99.09216802585014,5.828263998031616,"[[0 1 1 0 1 1 1 1 1 1 0 0 0 0 1 1 0 1 0 0 0 1]
 [1 1 0 0 1 0 1 1 0 0 0 0 0 0 0 0 0 0 1 1 0 1]
 [0 1 0 1 1 1 1 1 1 0 0 0 0 0 0 1 0 1 0 0 0 1]
 [1 1 0 0 0 0 1 1 1 1 0 0 1 0 1 0 0 0 1 0 1 0]
 [0 1 0 0 0 1 1 0 1 1 0 1 0 0 0 0 1 0 1 1 0 1]]","[[71861.86100924 39259.24508338]
 [60701.38127361 51078.27390488]
 [68955.08707236 11493.23758981]
 [42403.03358513 97263.85752397]
 [45176.52724568 49427.76028628]]"
2,5,92.91009805704375,99.09216802585014,6.941684007644653,"[[0 1 1 0 1 1 1 1 1 1 0 0 0 0 1 1 0 1 0 0 0 1]
 [1 1 0 0 1 0 1 1 0 0 0 0 0 0 0 0 0 0 1 1 0 1]
 [0 1 0 1 1 1 1 1 1 0 0 0 0 0 0 1 0 1 0 0 0 1]
 [1 1 0 0 0 0 1 1 1 1 0 0 1 0 1 0 0 0 1 0 1 0]
 [0 1 0 0 0 1 1 0 1 1 0 1 0 0 0 0 1 0 1 1 0 1]]","[[71861.86100924 39259.24508338]
 [60701.38127361 51078.27390488]
 [68955.08707236 11493.23758981]
 [42403.03358513 97263.85752397]
 [45176.52724568 49427.76028628]]"
2,6,92.91009805704375,99.09216802585014,8.030754089355469,"[[0 1 1 0 1 1 1 1 1 1 0 0 0 0 1 1 0 1 0 0 0 1]
 [1 1 0 0 1 0 1 1 0 0 0 0 0 0 0 0 0 0 1 1 0 1]
 [0 1 0 1 1 1 1 1 1 0 0 0 0 0 0 1 0 1 0 0 0 1]
 [1 1 0 0 0 0 1 1 1 1 0 0 1 0 1 0 0 0 1 0 1 0]
 [0 1 0 0 0 1 1 0 1 1 0 1 0 0 0 0 1 0 1 1 0 1]]","[[71861.86100924 39259.24508338]
 [60701.38127361 51078.27390488]
 [68955.08707236 11493.23758981]
 [42403.03358513 97263.85752397]
 [45176.52724568 49427.76028628]]"
2,7,93.1175425589951,98.21511001692568,9.024849891662598,"[[0 1 1 0 1 1 1 1 1 1 0 0 0 0 1 1 0 1 0 0 0 1]
 [1 1 0 0 1 0 1 1 0 0 0 0 0 0 0 0 0 0 1 1 0 1]
 [0 1 0 1 1 1 1 1 1 0 0 0 0 0 0 1 0 1 0 0 0 1]
 [1 1 0 0 0 0 1 1 1 1 0 0 1 0 1 0 0 0 1 0 1 0]
 [0 1 0 0 0 1 1 0 1 1 0 1 0 0 0 0 1 0 1 1 0 1]]","[[71861.86100924 39259.24508338]
 [60701.38127361 51078.27390488]
 [68955.08707236 11493.23758981]
 [42403.03358513 97263.85752397]
 [45176.52724568 49427.76028628]]"
2,8,93.1175425589951,98.21511001692568,9.730527877807617,"[[0 1 1 0 1 1 1 1 1 1 0 0 0 0 1 1 0 1 0 0 0 1]
 [1 1 0 0 1 0 1 1 0 0 0 0 0 0 0 0 0 0 1 1 0 1]
 [0 1 0 1 1 1 1 1 1 0 0 0 0 0 0 1 0 1 0 0 0 1]
 [1 1 0 0 0 0 1 1 1 1 0 0 1 0 1 0 0 0 1 0 1 0]
 [0 1 0 0 0 1 1 0 1 1 0 1 0 0 0 0 1 0 1 1 0 1]]","[[71861.86100924 39259.24508338]
 [60701.38127361 51078.27390488]
 [68955.08707236 11493.23758981]
 [42403.03358513 97263.85752397]
 [45176.52724568 49427.76028628]]"
2,9,93.1175425589951,98.21511001692568,10.183063983917236,"[[0 1 1 0 1 1 1 1 1 1 0 0 0 0 1 1 0 1 0 0 0 1]
 [1 1 0 0 1 0 1 1 0 0 0 0 0 0 0 0 0 0 1 1 0 1]
 [0 1 0 1 1 1 1 1 1 0 0 0 0 0 0 1 0 1 0 0 0 1]
 [1 1 0 0 0 0 1 1 1 1 0 0 1 0 1 0 0 0 1 0 1 0]
 [0 1 0 0 0 1 1 0 1 1 0 1 0 0 0 0 1 0 1 1 0 1]]","[[71861.86100924 39259.24508338]
 [60701.38127361 51078.27390488]
 [68955.08707236 11493.23758981]
 [42403.03358513 97263.85752397]
 [45176.52724568 49427.76028628]]"
2,10,93.1175425589951,98.21511001692568,11.7877938747406,"[[0 1 1 0 1 1 1 1 1 1 0 0 0 0 1 1 0 1 0 0 0 1]
 [1 1 0 0 1 0 1 1 0 0 0 0 0 0 0 0 0 0 1 1 0 1]
 [0 1 0 1 1 1 1 1 1 0 0 0 0 0 0 1 0 1 0 0 0 1]
 [1 1 0 0 0 0 1 1 1 1 0 0 1 0 1 0 0 0 1 0 1 0]
 [0 1 0 0 0 1 1 0 1 1 0 1 0 0 0 0 1 0 1 1 0 1]]","[[71861.86100924 39259.24508338]
 [60701.38127361 51078.27390488]
 [68955.08707236 11493.23758981]
 [42403.03358513 97263.85752397]
 [45176.52724568 49427.76028628]]"
2,11,95.36837835191427,99.89229112171103,12.795935869216919,"[[0 1 1 0 1 1 1 1 1 1 0 0 0 0 1 1 0 1 0 0 0 1]
 [1 1 0 0 1 0 1 1 0 0 0 0 0 0 0 0 0 0 1 1 0 1]
 [0 1 0 1 1 1 1 1 1 0 0 0 0 0 0 1 0 1 0 0 0 1]
 [1 1 0 0 0 0 1 1 1 1 0 0 1 0 1 0 0 0 1 0 1 0]
 [0 1 0 0 0 1 1 0 1 1 0 1 0 0 0 0 1 0 1 1 0 1]]","[[71861.86100924 39259.24508338]
 [60701.38127361 51078.27390488]
 [68955.08707236 11493.23758981]
 [42403.03358513 97263.85752397]
 [45176.52724568 49427.76028628]]"
2,12,95.36837835191427,99.89229112171103,13.847364902496338,"[[0 1 1 0 1 1 1 1 1 1 0 0 0 0 1 1 0 1 0 0 0 1]
 [1 1 0 0 1 0 1 1 0 0 0 0 0 0 0 0 0 0 1 1 0 1]
 [0 1 0 1 1 1 1 1 1 0 0 0 0 0 0 1 0 1 0 0 0 1]
 [1 1 0 0 0 0 1 1 1 1 0 0 1 0 1 0 0 0 1 0 1 0]
 [0 1 0 0 0 1 1 0 1 1 0 1 0 0 0 0 1 0 1 1 0 1]]","[[71861.86100924 39259.24508338]
 [60701.38127361 51078.27390488]
 [68955.08707236 11493.23758981]
 [42403.03358513 97263.85752397]
 [45176.52724568 49427.76028628]]"
2,13,95.36837835191427,99.89229112171103,14.799424886703491,"[[0 1 1 0 1 1 1 1 1 1 0 0 0 0 1 1 0 1 0 0 0 1]
 [1 1 0 0 1 0 1 1 0 0 0 0 0 0 0 0 0 0 1 1 0 1]
 [0 1 0 1 1 1 1 1 1 0 0 0 0 0 0 1 0 1 0 0 0 1]
 [1 1 0 0 0 0 1 1 1 1 0 0 1 0 1 0 0 0 1 0 1 0]
 [0 1 0 0 0 1 1 0 1 1 0 1 0 0 0 0 1 0 1 1 0 1]]","[[71861.86100924 39259.24508338]
 [60701.38127361 51078.27390488]
 [68955.08707236 11493.23758981]
 [42403.03358513 97263.85752397]
 [45176.52724568 49427.76028628]]"
2,14,95.36837835191427,99.89229112171103,15.67033076286316,"[[0 1 1 0 1 1 1 1 1 1 0 0 0 0 1 1 0 1 0 0 0 1]
 [1 1 0 0 1 0 1 1 0 0 0 0 0 0 0 0 0 0 1 1 0 1]
 [0 1 0 1 1 1 1 1 1 0 0 0 0 0 0 1 0 1 0 0 0 1]
 [1 1 0 0 0 0 1 1 1 1 0 0 1 0 1 0 0 0 1 0 1 0]
 [0 1 0 0 0 1 1 0 1 1 0 1 0 0 0 0 1 0 1 1 0 1]]","[[71861.86100924 39259.24508338]
 [60701.38127361 51078.27390488]
 [68955.08707236 11493.23758981]
 [42403.03358513 97263.85752397]
 [45176.52724568 49427.76028628]]"
2,15,95.36837835191427,99.89229112171103,16.357720851898193,"[[0 1 1 0 1 1 1 1 1 1 0 0 0 0 1 1 0 1 0 0 0 1]
 [1 1 0 0 1 0 1 1 0 0 0 0 0 0 0 0 0 0 1 1 0 1]
 [0 1 0 1 1 1 1 1 1 0 0 0 0 0 0 1 0 1 0 0 0 1]
 [1 1 0 0 0 0 1 1 1 1 0 0 1 0 1 0 0 0 1 0 1 0]
 [0 1 0 0 0 1 1 0 1 1 0 1 0 0 0 0 1 0 1 1 0 1]]","[[71861.86100924 39259.24508338]
 [60701.38127361 51078.27390488]
 [68955.08707236 11493.23758981]
 [42403.03358513 97263.85752397]
 [45176.52724568 49427.76028628]]"
2,16,95.36837835191427,99.89229112171103,17.514501810073853,"[[0 1 1 0 1 1 1 1 1 1 0 0 0 0 1 1 0 1 0 0 0 1]
 [1 1 0 0 1 0 1 1 0 0 0 0 0 0 0 0 0 0 1 1 0 1]
 [0 1 0 1 1 1 1 1 1 0 0 0 0 0 0 1 0 1 0 0 0 1]
 [1 1 0 0 0 0 1 1 1 1 0 0 1 0 1 0 0 0 1 0 1 0]
 [0 1 0 0 0 1 1 0 1 1 0 1 0 0 0 0 1 0 1 1 0 1]]","[[71861.86100924 39259.24508338]
 [60701.38127361 51078.27390488]
 [68955.08707236 11493.23758981]
 [42403.03358513 97263.85752397]
 [45176.52724568 49427.76028628]]"
2,17,95.36837835191427,99.89229112171103,18.626483917236328,"[[0 1 1 0 1 1 1 1 1 1 0 0 0 0 1 1 0 1 0 0 0 1]
 [1 1 0 0 1 0 1 1 0 0 0 0 0 0 0 0 0 0 1 1 0 1]
 [0 1 0 1 1 1 1 1 1 0 0 0 0 0 0 1 0 1 0 0 0 1]
 [1 1 0 0 0 0 1 1 1 1 0 0 1 0 1 0 0 0 1 0 1 0]
 [0 1 0 0 0 1 1 0 1 1 0 1 0 0 0 0 1 0 1 1 0 1]]","[[71861.86100924 39259.24508338]
 [60701.38127361 51078.27390488]
 [68955.08707236 11493.23758981]
 [42403.03358513 97263.85752397]
 [45176.52724568 49427.76028628]]"
2,18,95.36837835191427,99.89229112171103,19.304526805877686,"[[0 1 1 0 1 1 1 1 1 1 0 0 0 0 1 1 0 1 0 0 0 1]
 [1 1 0 0 1 0 1 1 0 0 0 0 0 0 0 0 0 0 1 1 0 1]
 [0 1 0 1 1 1 1 1 1 0 0 0 0 0 0 1 0 1 0 0 0 1]
 [1 1 0 0 0 0 1 1 1 1 0 0 1 0 1 0 0 0 1 0 1 0]
 [0 1 0 0 0 1 1 0 1 1 0 1 0 0 0 0 1 0 1 1 0 1]]","[[71861.86100924 39259.24508338]
 [60701.38127361 51078.27390488]
 [68955.08707236 11493.23758981]
 [42403.03358513 97263.85752397]
 [45176.52724568 49427.76028628]]"
2,19,95.36837835191427,99.89229112171103,20.122933864593506,"[[0 1 1 0 1 1 1 1 1 1 0 0 0 0 1 1 0 1 0 0 0 1]
 [1 1 0 0 1 0 1 1 0 0 0 0 0 0 0 0 0 0 1 1 0 1]
 [0 1 0 1 1 1 1 1 1 0 0 0 0 0 0 1 0 1 0 0 0 1]
 [1 1 0 0 0 0 1 1 1 1 0 0 1 0 1 0 0 0 1 0 1 0]
 [0 1 0 0 0 1 1 0 1 1 0 1 0 0 0 0 1 0 1 1 0 1]]","[[71861.86100924 39259.24508338]
 [60701.38127361 51078.27390488]
 [68955.08707236 11493.23758981]
 [42403.03358513 97263.85752397]
 [45176.52724568 49427.76028628]]"
3,0,90.51518415420554,99.50761655639329,1.6038250923156738,"[[1 1 0 0 0 0 1 0 0 1 0 1 0 1 1 0 0 1 1 0 0 0]
 [0 0 1 1 0 1 0 1 0 1 0 1 0 1 0 1 0 1 1 0 0 1]
 [0 0 1 0 1 0 1 0 0 1 1 1 1 0 0 0 0 1 0 1 1 0]
 [0 0 1 0 1 0 0 0 0 1 0 1 0 0 0 1 0 0 1 1 0 0]
 [0 1 1 0 1 0 0 1 1 1 0 1 0 0 0 0 0 1 1 0 0 1]]","[[29096.96923596 59162.48321248]
 [16199.92710863 79083.97298292]
 [63365.18865086 97024.33928019]
 [17638.53644719 31401.33673818]
 [10357.95609257 87982.0804903 ]]"
3,1,91.8163633566003,98.86136328665948,2.6828482151031494,"[[1 1 0 0 0 0 1 0 0 1 0 1 0 1 1 0 0 1 1 0 0 0]
 [0 0 1 1 0 1 0 1 0 1 0 1 0 1 0 1 0 1 1 0 0 1]
 [0 0 1 0 1 0 1 0 0 1 1 1 1 0 0 0 0 1 0 1 1 0]
 [0 0 1 0 1 0 0 0 0 1 0 1 0 0 0 1 0 0 1 1 0 0]
 [0 1 1 0 1 0 0 1 1 1 0 1 0 0 0 0 0 1 1 0 0 1]]","[[29096.96923596 59162.48321248]
 [16199.92710863 79083.97298292]
 [63365.18865086 97024.33928019]
 [17638.53644719 31401.33673818]
 [10357.95609257 87982.0804903 ]]"
3,2,91.8163633566003,98.86136328665948,3.8579070568084717,"[[1 1 0 0 0 0 1 0 0 1 0 1 0 1 1 0 0 1 1 0 0 0]
 [0 0 1 1 0 1 0 1 0 1 0 1 0 1 0 1 0 1 1 0 0 1]
 [0 0 1 0 1 0 1 0 0 1 1 1 1 0 0 0 0 1 0 1 1 0]
 [0 0 1 0 1 0 0 0 0 1 0 1 0 0 0 1 0 0 1 1 0 0]
 [0 1 1 0 1 0 0 1 1 1 0 1 0 0 0 0 0 1 1 0 0 1]]","[[29096.96923596 59162.48321248]
 [16199.92710863 79083.97298292]
 [63365.18865086 97024.33928019]
 [17638.53644719 31401.33673818]
 [10357.95609257 87982.0804903 ]]"
3,3,91.8163633566003,98.86136328665948,4.946410894393921,"[[1 1 0 0 0 0 1 0 0 1 0 1 0 1 1 0 0 1 1 0 0 0]
 [0 0 1 1 0 1 0 1 0 1 0 1 0 1 0 1 0 1 1 0 0 1]
 [0 0 1 0 1 0 1 0 0 1 1 1 1 0 0 0 0 1 0 1 1 0]
 [0 0 1 0 1 0 0 0 0 1 0 1 0 0 0 1 0 0 1 1 0 0]
 [0 1 1 0 1 0 0 1 1 1 0 1 0 0 0 0 0 1 1 0 0 1]]","[[29096.96923596 59162.48321248]
 [16199.92710863 79083.97298292]
 [63365.18865086 97024.33928019]
 [17638.53644719 31401.33673818]
 [10357.95609257 87982.0804903 ]]"
3,4,91.8163633566003,98.86136328665948,5.992876052856445,"[[1 1 0 0 0 0 1 0 0 1 0 1 0 1 1 0 0 1 1 0 0 0]
 [0 0 1 1 0 1 0 1 0 1 0 1 0 1 0 1 0 1 1 0 0 1]
 [0 0 1 0 1 0 1 0 0 1 1 1 1 0 0 0 0 1 0 1 1 0]
 [0 0 1 0 1 0 0 0 0 1 0 1 0 0 0 1 0 0 1 1 0 0]
 [0 1 1 0 1 0 0 1 1 1 0 1 0 0 0 0 0 1 1 0 0 1]]","[[29096.96923596 59162.48321248]
 [16199.92710863 79083.97298292]
 [63365.18865086 97024.33928019]
 [17638.53644719 31401.33673818]
 [10357.95609257 87982.0804903 ]]"
3,5,91.8163633566003,98.86136328665948,7.136009216308594,"[[1 1 0 0 0 0 1 0 0 1 0 1 0 1 1 0 0 1 1 0 0 0]
 [0 0 1 1 0 1 0 1 0 1 0 1 0 1 0 1 0 1 1 0 0 1]
 [0 0 1 0 1 0 1 0 0 1 1 1 1 0 0 0 0 1 0 1 1 0]
 [0 0 1 0 1 0 0 0 0 1 0 1 0 0 0 1 0 0 1 1 0 0]
 [0 1 1 0 1 0 0 1 1 1 0 1 0 0 0 0 0 1 1 0 0 1]]","[[29096.96923596 59162.48321248]
 [16199.92710863 79083.97298292]
 [63365.18865086 97024.33928019]
 [17638.53644719 31401.33673818]
 [10357.95609257 87982.0804903 ]]"
3,6,91.81818181818181,100.0,8.094816207885742,"[[1 1 0 0 0 0 1 0 0 1 0 1 0 1 1 0 0 1 1 0 0 0]
 [0 0 1 1 0 1 0 1 0 1 0 1 0 1 0 1 0 1 1 0 0 1]
 [0 0 1 0 1 0 1 0 0 1 1 1 1 0 0 0 0 1 0 1 1 0]
 [0 0 1 0 1 0 0 0 0 1 0 1 0 0 0 1 0 0 1 1 0 0]
 [0 1 1 0 1 0 0 1 1 1 0 1 0 0 0 0 0 1 1 0 0 1]]","[[29096.96923596 59162.48321248]
 [16199.92710863 79083.97298292]
 [63365.18865086 97024.33928019]
 [17638.53644719 31401.33673818]
 [10357.95609257 87982.0804903 ]]"
3,7,91.81818181818181,100.0,9.068775177001953,"[[1 1 0 0 0 0 1 0 0 1 0 1 0 1 1 0 0 1 1 0 0 0]
 [0 0 1 1 0 1 0 1 0 1 0 1 0 1 0 1 0 1 1 0 0 1]
 [0 0 1 0 1 0 1 0 0 1 1 1 1 0 0 0 0 1 0 1 1 0]
 [0 0 1 0 1 0 0 0 0 1 0 1 0 0 0 1 0 0 1 1 0 0]
 [0 1 1 0 1 0 0 1 1 1 0 1 0 0 0 0 0 1 1 0 0 1]]","[[29096.96923596 59162.48321248]
 [16199.92710863 79083.97298292]
 [63365.18865086 97024.33928019]
 [17638.53644719 31401.33673818]
 [10357.95609257 87982.0804903 ]]"
3,8,91.81818181818181,100.0,10.147723913192749,"[[1 1 0 0 0 0 1 0 0 1 0 1 0 1 1 0 0 1 1 0 0 0]
 [0 0 1 1 0 1 0 1 0 1 0 1 0 1 0 1 0 1 1 0 0 1]
 [0 0 1 0 1 0 1 0 0 1 1 1 1 0 0 0 0 1 0 1 1 0]
 [0 0 1 0 1 0 0 0 0 1 0 1 0 0 0 1 0 0 1 1 0 0]
 [0 1 1 0 1 0 0 1 1 1 0 1 0 0 0 0 0 1 1 0 0 1]]","[[29096.96923596 59162.48321248]
 [16199.92710863 79083.97298292]
 [63365.18865086 97024.33928019]
 [17638.53644719 31401.33673818]
 [10357.95609257 87982.0804903 ]]"
3,9,91.81818181818181,100.0,12.067255020141602,"[[1 1 0 0 0 0 1 0 0 1 0 1 0 1 1 0 0 1 1 0 0 0]
 [0 0 1 1 0 1 0 1 0 1 0 1 0 1 0 1 0 1 1 0 0 1]
 [0 0 1 0 1 0 1 0 0 1 1 1 1 0 0 0 0 1 0 1 1 0]
 [0 0 1 0 1 0 0 0 0 1 0 1 0 0 0 1 0 0 1 1 0 0]
 [0 1 1 0 1 0 0 1 1 1 0 1 0 0 0 0 0 1 1 0 0 1]]","[[29096.96923596 59162.48321248]
 [16199.92710863 79083.97298292]
 [63365.18865086 97024.33928019]
 [17638.53644719 31401.33673818]
 [10357.95609257 87982.0804903 ]]"
3,10,91.81818181818181,100.0,13.201153993606567,"[[1 1 0 0 0 0 1 0 0 1 0 1 0 1 1 0 0 1 1 0 0 0]
 [0 0 1 1 0 1 0 1 0 1 0 1 0 1 0 1 0 1 1 0 0 1]
 [0 0 1 0 1 0 1 0 0 1 1 1 1 0 0 0 0 1 0 1 1 0]
 [0 0 1 0 1 0 0 0 0 1 0 1 0 0 0 1 0 0 1 1 0 0]
 [0 1 1 0 1 0 0 1 1 1 0 1 0 0 0 0 0 1 1 0 0 1]]","[[29096.96923596 59162.48321248]
 [16199.92710863 79083.97298292]
 [63365.18865086 97024.33928019]
 [17638.53644719 31401.33673818]
 [10357.95609257 87982.0804903 ]]"
3,11,91.81818181818181,100.0,14.6409010887146,"[[1 1 0 0 0 0 1 0 0 1 0 1 0 1 1 0 0 1 1 0 0 0]
 [0 0 1 1 0 1 0 1 0 1 0 1 0 1 0 1 0 1 1 0 0 1]
 [0 0 1 0 1 0 1 0 0 1 1 1 1 0 0 0 0 1 0 1 1 0]
 [0 0 1 0 1 0 0 0 0 1 0 1 0 0 0 1 0 0 1 1 0 0]
 [0 1 1 0 1 0 0 1 1 1 0 1 0 0 0 0 0 1 1 0 0 1]]","[[29096.96923596 59162.48321248]
 [16199.92710863 79083.97298292]
 [63365.18865086 97024.33928019]
 [17638.53644719 31401.33673818]
 [10357.95609257 87982.0804903 ]]"
3,12,91.81818181818181,100.0,15.461820125579834,"[[1 1 0 0 0 0 1 0 0 1 0 1 0 1 1 0 0 1 1 0 0 0]
 [0 0 1 1 0 1 0 1 0 1 0 1 0 1 0 1 0 1 1 0 0 1]
 [0 0 1 0 1 0 1 0 0 1 1 1 1 0 0 0 0 1 0 1 1 0]
 [0 0 1 0 1 0 0 0 0 1 0 1 0 0 0 1 0 0 1 1 0 0]
 [0 1 1 0 1 0 0 1 1 1 0 1 0 0 0 0 0 1 1 0 0 1]]","[[29096.96923596 59162.48321248]
 [16199.92710863 79083.97298292]
 [63365.18865086 97024.33928019]
 [17638.53644719 31401.33673818]
 [10357.95609257 87982.0804903 ]]"
3,13,91.81818181818181,100.0,17.300981283187866,"[[1 1 0 0 0 0 1 0 0 1 0 1 0 1 1 0 0 1 1 0 0 0]
 [0 0 1 1 0 1 0 1 0 1 0 1 0 1 0 1 0 1 1 0 0 1]
 [0 0 1 0 1 0 1 0 0 1 1 1 1 0 0 0 0 1 0 1 1 0]
 [0 0 1 0 1 0 0 0 0 1 0 1 0 0 0 1 0 0 1 1 0 0]
 [0 1 1 0 1 0 0 1 1 1 0 1 0 0 0 0 0 1 1 0 0 1]]","[[29096.96923596 59162.48321248]
 [16199.92710863 79083.97298292]
 [63365.18865086 97024.33928019]
 [17638.53644719 31401.33673818]
 [10357.95609257 87982.0804903 ]]"
3,14,91.81818181818181,100.0,18.065810203552246,"[[1 1 0 0 0 0 1 0 0 1 0 1 0 1 1 0 0 1 1 0 0 0]
 [0 0 1 1 0 1 0 1 0 1 0 1 0 1 0 1 0 1 1 0 0 1]
 [0 0 1 0 1 0 1 0 0 1 1 1 1 0 0 0 0 1 0 1 1 0]
 [0 0 1 0 1 0 0 0 0 1 0 1 0 0 0 1 0 0 1 1 0 0]
 [0 1 1 0 1 0 0 1 1 1 0 1 0 0 0 0 0 1 1 0 0 1]]","[[29096.96923596 59162.48321248]
 [16199.92710863 79083.97298292]
 [63365.18865086 97024.33928019]
 [17638.53644719 31401.33673818]
 [10357.95609257 87982.0804903 ]]"
3,15,91.81818181818181,100.0,19.472830057144165,"[[1 1 0 0 0 0 1 0 0 1 0 1 0 1 1 0 0 1 1 0 0 0]
 [0 0 1 1 0 1 0 1 0 1 0 1 0 1 0 1 0 1 1 0 0 1]
 [0 0 1 0 1 0 1 0 0 1 1 1 1 0 0 0 0 1 0 1 1 0]
 [0 0 1 0 1 0 0 0 0 1 0 1 0 0 0 1 0 0 1 1 0 0]
 [0 1 1 0 1 0 0 1 1 1 0 1 0 0 0 0 0 1 1 0 0 1]]","[[29096.96923596 59162.48321248]
 [16199.92710863 79083.97298292]
 [63365.18865086 97024.33928019]
 [17638.53644719 31401.33673818]
 [10357.95609257 87982.0804903 ]]"
3,16,92.65341521073171,99.90767810432374,20.06780505180359,"[[1 1 0 0 0 0 1 0 0 1 0 1 0 1 1 0 0 1 1 0 0 0]
 [0 0 1 1 0 1 0 1 0 1 0 1 0 1 0 1 0 1 1 0 0 1]
 [0 0 1 0 1 0 1 0 0 1 1 1 1 0 0 0 0 1 0 1 1 0]
 [0 0 1 0 1 0 0 0 0 1 0 1 0 0 0 1 0 0 1 1 0 0]
 [0 1 1 0 1 0 0 1 1 1 0 1 0 0 0 0 0 1 1 0 0 1]]","[[29096.96923596 59162.48321248]
 [16199.92710863 79083.97298292]
 [63365.18865086 97024.33928019]
 [17638.53644719 31401.33673818]
 [10357.95609257 87982.0804903 ]]"
3,17,92.65341521073171,99.90767810432374,21.426292181015015,"[[1 1 0 0 0 0 1 0 0 1 0 1 0 1 1 0 0 1 1 0 0 0]
 [0 0 1 1 0 1 0 1 0 1 0 1 0 1 0 1 0 1 1 0 0 1]
 [0 0 1 0 1 0 1 0 0 1 1 1 1 0 0 0 0 1 0 1 1 0]
 [0 0 1 0 1 0 0 0 0 1 0 1 0 0 0 1 0 0 1 1 0 0]
 [0 1 1 0 1 0 0 1 1 1 0 1 0 0 0 0 0 1 1 0 0 1]]","[[29096.96923596 59162.48321248]
 [16199.92710863 79083.97298292]
 [63365.18865086 97024.33928019]
 [17638.53644719 31401.33673818]
 [10357.95609257 87982.0804903 ]]"
3,18,93.40248150065045,99.70764733035851,21.96612811088562,"[[1 1 0 0 0 0 1 0 0 1 0 1 0 1 1 0 0 1 1 0 0 0]
 [0 0 1 1 0 1 0 1 0 1 0 1 0 1 0 1 0 1 1 0 0 1]
 [0 0 1 0 1 0 1 0 0 1 1 1 1 0 0 0 0 1 0 1 1 0]
 [0 0 1 0 1 0 0 0 0 1 0 1 0 0 0 1 0 0 1 1 0 0]
 [0 1 1 0 1 0 0 1 1 1 0 1 0 0 0 0 0 1 1 0 0 1]]","[[29096.96923596 59162.48321248]
 [16199.92710863 79083.97298292]
 [63365.18865086 97024.33928019]
 [17638.53644719 31401.33673818]
 [10357.95609257 87982.0804903 ]]"
3,19,93.40248150065045,99.70764733035851,22.747010946273804,"[[1 1 0 0 0 0 1 0 0 1 0 1 0 1 1 0 0 1 1 0 0 0]
 [0 0 1 1 0 1 0 1 0 1 0 1 0 1 0 1 0 1 1 0 0 1]
 [0 0 1 0 1 0 1 0 0 1 1 1 1 0 0 0 0 1 0 1 1 0]
 [0 0 1 0 1 0 0 0 0 1 0 1 0 0 0 1 0 0 1 1 0 0]
 [0 1 1 0 1 0 0 1 1 1 0 1 0 0 0 0 0 1 1 0 0 1]]","[[29096.96923596 59162.48321248]
 [16199.92710863 79083.97298292]
 [63365.18865086 97024.33928019]
 [17638.53644719 31401.33673818]
 [10357.95609257 87982.0804903 ]]"
4,0,90.9090909090909,100.0,0.9717609882354736,"[[0 1 0 0 1 0 0 1 1 1 1 0 0 0 0 1 1 0 0 1 0 0]
 [0 1 0 0 1 0 0 1 0 1 1 0 1 0 0 0 1 0 0 1 1 1]
 [0 1 1 0 1 0 0 1 0 0 1 0 0 0 0 0 0 0 0 1 0 1]
 [1 1 1 0 0 0 1 0 1 0 1 0 1 0 0 0 1 1 1 1 1 0]
 [0 1 0 0 0 0 1 1 0 1 1 0 0 0 0 0 1 0 1 1 0 0]]","[[ 3945.77886613 93404.6316651 ]
 [77817.23302857 42645.91401738]
 [ 9352.88626077 25402.6916496 ]
 [63155.04758614 19081.48512237]
 [ 1496.24484442 41438.22076186]]"
4,1,90.9090909090909,100.0,2.385017156600952,"[[0 1 0 0 1 0 0 1 1 1 1 0 0 0 0 1 1 0 0 1 0 0]
 [0 1 0 0 1 0 0 1 0 1 1 0 1 0 0 0 1 0 0 1 1 1]
 [0 1 1 0 1 0 0 1 0 0 1 0 0 0 0 0 0 0 0 1 0 1]
 [1 1 1 0 0 0 1 0 1 0 1 0 1 0 0 0 1 1 1 1 1 0]
 [0 1 0 0 0 0 1 1 0 1 1 0 0 0 0 0 1 0 1 1 0 0]]","[[ 3945.77886613 93404.6316651 ]
 [77817.23302857 42645.91401738]
 [ 9352.88626077 25402.6916496 ]
 [63155.04758614 19081.48512237]
 [ 1496.24484442 41438.22076186]]"
4,2,91.53506133810795,99.64609939990767,3.3573009967803955,"[[0 1 0 0 1 0 0 1 1 1 1 0 0 0 0 1 1 0 0 1 0 0]
 [0 1 0 0 1 0 0 1 0 1 1 0 1 0 0 0 1 0 0 1 1 1]
 [0 1 1 0 1 0 0 1 0 0 1 0 0 0 0 0 0 0 0 1 0 1]
 [1 1 1 0 0 0 1 0 1 0 1 0 1 0 0 0 1 1 1 1 1 0]
 [0 1 0 0 0 0 1 1 0 1 1 0 0 0 0 0 1 0 1 1 0 0]]","[[ 3945.77886613 93404.6316651 ]
 [77817.23302857 42645.91401738]
 [ 9352.88626077 25402.6916496 ]
 [63155.04758614 19081.48512237]
 [ 1496.24484442 41438.22076186]]"
4,3,92.50570017764971,99.72303431297122,5.100517988204956,"[[0 1 0 0 1 0 0 1 1 1 1 0 0 0 0 1 1 0 0 1 0 0]
 [0 1 0 0 1 0 0 1 0 1 1 0 1 0 0 0 1 0 0 1 1 1]
 [0 1 1 0 1 0 0 1 0 0 1 0 0 0 0 0 0 0 0 1 0 1]
 [1 1 1 0 0 0 1 0 1 0 1 0 1 0 0 0 1 1 1 1 1 0]
 [0 1 0 0 0 0 1 1 0 1 1 0 0 0 0 0 1 0 1 1 0 0]]","[[ 3945.77886613 93404.6316651 ]
 [77817.23302857 42645.91401738]
 [ 9352.88626077 25402.6916496 ]
 [63155.04758614 19081.48512237]
 [ 1496.24484442 41438.22076186]]"
4,4,92.50570017764971,99.72303431297122,6.177114009857178,"[[0 1 0 0 1 0 0 1 1 1 1 0 0 0 0 1 1 0 0 1 0 0]
 [0 1 0 0 1 0 0 1 0 1 1 0 1 0 0 0 1 0 0 1 1 1]
 [0 1 1 0 1 0 0 1 0 0 1 0 0 0 0 0 0 0 0 1 0 1]
 [1 1 1 0 0 0 1 0 1 0 1 0 1 0 0 0 1 1 1 1 1 0]
 [0 1 0 0 0 0 1 1 0 1 1 0 0 0 0 0 1 0 1 1 0 0]]","[[ 3945.77886613 93404.6316651 ]
 [77817.23302857 42645.91401738]
 [ 9352.88626077 25402.6916496 ]
 [63155.04758614 19081.48512237]
 [ 1496.24484442 41438.22076186]]"
4,5,94.45928744282337,99.89229112171103,7.863301038742065,"[[0 1 0 0 1 0 0 1 1 1 1 0 0 0 0 1 1 0 0 1 0 0]
 [0 1 0 0 1 0 0 1 0 1 1 0 1 0 0 0 1 0 0 1 1 1]
 [0 1 1 0 1 0 0 1 0 0 1 0 0 0 0 0 0 0 0 1 0 1]
 [1 1 1 0 0 0 1 0 1 0 1 0 1 0 0 0 1 1 1 1 1 0]
 [0 1 0 0 0 0 1 1 0 1 1 0 0 0 0 0 1 0 1 1 0 0]]","[[ 3945.77886613 93404.6316651 ]
 [77817.23302857 42645.91401738]
 [ 9352.88626077 25402.6916496 ]
 [63155.04758614 19081.48512237]
 [ 1496.24484442 41438.22076186]]"
4,6,94.45928744282337,99.89229112171103,9.405015230178833,"[[0 1 0 0 1 0 0 1 1 1 1 0 0 0 0 1 1 0 0 1 0 0]
 [0 1 0 0 1 0 0 1 0 1 1 0 1 0 0 0 1 0 0 1 1 1]
 [0 1 1 0 1 0 0 1 0 0 1 0 0 0 0 0 0 0 0 1 0 1]
 [1 1 1 0 0 0 1 0 1 0 1 0 1 0 0 0 1 1 1 1 1 0]
 [0 1 0 0 0 0 1 1 0 1 1 0 0 0 0 0 1 0 1 1 0 0]]","[[ 3945.77886613 93404.6316651 ]
 [77817.23302857 42645.91401738]
 [ 9352.88626077 25402.6916496 ]
 [63155.04758614 19081.48512237]
 [ 1496.24484442 41438.22076186]]"
4,7,94.45928744282337,99.89229112171103,10.641222953796387,"[[0 1 0 0 1 0 0 1 1 1 1 0 0 0 0 1 1 0 0 1 0 0]
 [0 1 0 0 1 0 0 1 0 1 1 0 1 0 0 0 1 0 0 1 1 1]
 [0 1 1 0 1 0 0 1 0 0 1 0 0 0 0 0 0 0 0 1 0 1]
 [1 1 1 0 0 0 1 0 1 0 1 0 1 0 0 0 1 1 1 1 1 0]
 [0 1 0 0 0 0 1 1 0 1 1 0 0 0 0 0 1 0 1 1 0 0]]","[[ 3945.77886613 93404.6316651 ]
 [77817.23302857 42645.91401738]
 [ 9352.88626077 25402.6916496 ]
 [63155.04758614 19081.48512237]
 [ 1496.24484442 41438.22076186]]"
4,8,94.45928744282337,99.89229112171103,11.921541929244995,"[[0 1 0 0 1 0 0 1 1 1 1 0 0 0 0 1 1 0 0 1 0 0]
 [0 1 0 0 1 0 0 1 0 1 1 0 1 0 0 0 1 0 0 1 1 1]
 [0 1 1 0 1 0 0 1 0 0 1 0 0 0 0 0 0 0 0 1 0 1]
 [1 1 1 0 0 0 1 0 1 0 1 0 1 0 0 0 1 1 1 1 1 0]
 [0 1 0 0 0 0 1 1 0 1 1 0 0 0 0 0 1 0 1 1 0 0]]","[[ 3945.77886613 93404.6316651 ]
 [77817.23302857 42645.91401738]
 [ 9352.88626077 25402.6916496 ]
 [63155.04758614 19081.48512237]
 [ 1496.24484442 41438.22076186]]"
4,9,94.45928744282337,99.89229112171103,13.144093990325928,"[[0 1 0 0 1 0 0 1 1 1 1 0 0 0 0 1 1 0 0 1 0 0]
 [0 1 0 0 1 0 0 1 0 1 1 0 1 0 0 0 1 0 0 1 1 1]
 [0 1 1 0 1 0 0 1 0 0 1 0 0 0 0 0 0 0 0 1 0 1]
 [1 1 1 0 0 0 1 0 1 0 1 0 1 0 0 0 1 1 1 1 1 0]
 [0 1 0 0 0 0 1 1 0 1 1 0 0 0 0 0 1 0 1 1 0 0]]","[[ 3945.77886613 93404.6316651 ]
 [77817.23302857 42645.91401738]
 [ 9352.88626077 25402.6916496 ]
 [63155.04758614 19081.48512237]
 [ 1496.24484442 41438.22076186]]"
4,10,94.45928744282337,99.89229112171103,14.18128490447998,"[[0 1 0 0 1 0 0 1 1 1 1 0 0 0 0 1 1 0 0 1 0 0]
 [0 1 0 0 1 0 0 1 0 1 1 0 1 0 0 0 1 0 0 1 1 1]
 [0 1 1 0 1 0 0 1 0 0 1 0 0 0 0 0 0 0 0 1 0 1]
 [1 1 1 0 0 0 1 0 1 0 1 0 1 0 0 0 1 1 1 1 1 0]
 [0 1 0 0 0 0 1 1 0 1 1 0 0 0 0 0 1 0 1 1 0 0]]","[[ 3945.77886613 93404.6316651 ]
 [77817.23302857 42645.91401738]
 [ 9352.88626077 25402.6916496 ]
 [63155.04758614 19081.48512237]
 [ 1496.24484442 41438.22076186]]"
4,11,94.45928744282337,99.89229112171103,14.928563117980957,"[[0 1 0 0 1 0 0 1 1 1 1 0 0 0 0 1 1 0 0 1 0 0]
 [0 1 0 0 1 0 0 1 0 1 1 0 1 0 0 0 1 0 0 1 1 1]
 [0 1 1 0 1 0 0 1 0 0 1 0 0 0 0 0 0 0 0 1 0 1]
 [1 1 1 0 0 0 1 0 1 0 1 0 1 0 0 0 1 1 1 1 1 0]
 [0 1 0 0 0 0 1 1 0 1 1 0 0 0 0 0 1 0 1 1 0 0]]","[[ 3945.77886613 93404.6316651 ]
 [77817.23302857 42645.91401738]
 [ 9352.88626077 25402.6916496 ]
 [63155.04758614 19081.48512237]
 [ 1496.24484442 41438.22076186]]"
4,12,94.45928744282337,99.89229112171103,17.43974208831787,"[[0 1 0 0 1 0 0 1 1 1 1 0 0 0 0 1 1 0 0 1 0 0]
 [0 1 0 0 1 0 0 1 0 1 1 0 1 0 0 0 1 0 0 1 1 1]
 [0 1 1 0 1 0 0 1 0 0 1 0 0 0 0 0 0 0 0 1 0 1]
 [1 1 1 0 0 0 1 0 1 0 1 0 1 0 0 0 1 1 1 1 1 0]
 [0 1 0 0 0 0 1 1 0 1 1 0 0 0 0 0 1 0 1 1 0 0]]","[[ 3945.77886613 93404.6316651 ]
 [77817.23302857 42645.91401738]
 [ 9352.88626077 25402.6916496 ]
 [63155.04758614 19081.48512237]
 [ 1496.24484442 41438.22076186]]"
4,13,94.45928744282337,99.89229112171103,19.461265087127686,"[[0 1 0 0 1 0 0 1 1 1 1 0 0 0 0 1 1 0 0 1 0 0]
 [0 1 0 0 1 0 0 1 0 1 1 0 1 0 0 0 1 0 0 1 1 1]
 [0 1 1 0 1 0 0 1 0 0 1 0 0 0 0 0 0 0 0 1 0 1]
 [1 1 1 0 0 0 1 0 1 0 1 0 1 0 0 0 1 1 1 1 1 0]
 [0 1 0 0 0 0 1 1 0 1 1 0 0 0 0 0 1 0 1 1 0 0]]","[[ 3945.77886613 93404.6316651 ]
 [77817.23302857 42645.91401738]
 [ 9352.88626077 25402.6916496 ]
 [63155.04758614 19081.48512237]
 [ 1496.24484442 41438.22076186]]"
4,14,94.45928744282337,99.89229112171103,20.92701506614685,"[[0 1 0 0 1 0 0 1 1 1 1 0 0 0 0 1 1 0 0 1 0 0]
 [0 1 0 0 1 0 0 1 0 1 1 0 1 0 0 0 1 0 0 1 1 1]
 [0 1 1 0 1 0 0 1 0 0 1 0 0 0 0 0 0 0 0 1 0 1]
 [1 1 1 0 0 0 1 0 1 0 1 0 1 0 0 0 1 1 1 1 1 0]
 [0 1 0 0 0 0 1 1 0 1 1 0 0 0 0 0 1 0 1 1 0 0]]","[[ 3945.77886613 93404.6316651 ]
 [77817.23302857 42645.91401738]
 [ 9352.88626077 25402.6916496 ]
 [63155.04758614 19081.48512237]
 [ 1496.24484442 41438.22076186]]"
4,15,94.45928744282337,99.89229112171103,21.602615118026733,"[[0 1 0 0 1 0 0 1 1 1 1 0 0 0 0 1 1 0 0 1 0 0]
 [0 1 0 0 1 0 0 1 0 1 1 0 1 0 0 0 1 0 0 1 1 1]
 [0 1 1 0 1 0 0 1 0 0 1 0 0 0 0 0 0 0 0 1 0 1]
 [1 1 1 0 0 0 1 0 1 0 1 0 1 0 0 0 1 1 1 1 1 0]
 [0 1 0 0 0 0 1 1 0 1 1 0 0 0 0 0 1 0 1 1 0 0]]","[[ 3945.77886613 93404.6316651 ]
 [77817.23302857 42645.91401738]
 [ 9352.88626077 25402.6916496 ]
 [63155.04758614 19081.48512237]
 [ 1496.24484442 41438.22076186]]"
4,16,94.45928744282337,99.89229112171103,22.331623077392578,"[[0 1 0 0 1 0 0 1 1 1 1 0 0 0 0 1 1 0 0 1 0 0]
 [0 1 0 0 1 0 0 1 0 1 1 0 1 0 0 0 1 0 0 1 1 1]
 [0 1 1 0 1 0 0 1 0 0 1 0 0 0 0 0 0 0 0 1 0 1]
 [1 1 1 0 0 0 1 0 1 0 1 0 1 0 0 0 1 1 1 1 1 0]
 [0 1 0 0 0 0 1 1 0 1 1 0 0 0 0 0 1 0 1 1 0 0]]","[[ 3945.77886613 93404.6316651 ]
 [77817.23302857 42645.91401738]
 [ 9352.88626077 25402.6916496 ]
 [63155.04758614 19081.48512237]
 [ 1496.24484442 41438.22076186]]"
4,17,94.45928744282337,99.89229112171103,23.300108194351196,"[[0 1 0 0 1 0 0 1 1 1 1 0 0 0 0 1 1 0 0 1 0 0]
 [0 1 0 0 1 0 0 1 0 1 1 0 1 0 0 0 1 0 0 1 1 1]
 [0 1 1 0 1 0 0 1 0 0 1 0 0 0 0 0 0 0 0 1 0 1]
 [1 1 1 0 0 0 1 0 1 0 1 0 1 0 0 0 1 1 1 1 1 0]
 [0 1 0 0 0 0 1 1 0 1 1 0 0 0 0 0 1 0 1 1 0 0]]","[[ 3945.77886613 93404.6316651 ]
 [77817.23302857 42645.91401738]
 [ 9352.88626077 25402.6916496 ]
 [63155.04758614 19081.48512237]
 [ 1496.24484442 41438.22076186]]"
4,18,94.45928744282337,99.89229112171103,23.650089025497437,"[[0 1 0 0 1 0 0 1 1 1 1 0 0 0 0 1 1 0 0 1 0 0]
 [0 1 0 0 1 0 0 1 0 1 1 0 1 0 0 0 1 0 0 1 1 1]
 [0 1 1 0 1 0 0 1 0 0 1 0 0 0 0 0 0 0 0 1 0 1]
 [1 1 1 0 0 0 1 0 1 0 1 0 1 0 0 0 1 1 1 1 1 0]
 [0 1 0 0 0 0 1 1 0 1 1 0 0 0 0 0 1 0 1 1 0 0]]","[[ 3945.77886613 93404.6316651 ]
 [77817.23302857 42645.91401738]
 [ 9352.88626077 25402.6916496 ]
 [63155.04758614 19081.48512237]
 [ 1496.24484442 41438.22076186]]"
4,19,94.45928744282337,99.89229112171103,24.29564118385315,"[[0 1 0 0 1 0 0 1 1 1 1 0 0 0 0 1 1 0 0 1 0 0]
 [0 1 0 0 1 0 0 1 0 1 1 0 1 0 0 0 1 0 0 1 1 1]
 [0 1 1 0 1 0 0 1 0 0 1 0 0 0 0 0 0 0 0 1 0 1]
 [1 1 1 0 0 0 1 0 1 0 1 0 1 0 0 0 1 1 1 1 1 0]
 [0 1 0 0 0 0 1 1 0 1 1 0 0 0 0 0 1 0 1 1 0 0]]","[[ 3945.77886613 93404.6316651 ]
 [77817.23302857 42645.91401738]
 [ 9352.88626077 25402.6916496 ]
 [63155.04758614 19081.48512237]
 [ 1496.24484442 41438.22076186]]"
5,0,91.81818181818181,100.0,0.9601449966430664,"[[1 1 0 1 0 0 1 0 0 0 0 0 1 1 0 0 0 0 1 0 1 1]
 [1 0 0 1 0 1 0 0 1 0 1 1 1 0 1 0 1 1 0 1 1 1]
 [0 0 1 1 0 0 0 0 1 0 1 1 1 0 1 0 0 1 1 1 0 1]
 [1 0 0 1 1 1 0 1 0 0 0 1 1 0 0 0 0 1 1 0 0 1]
 [0 1 1 1 0 0 0 0 1 0 0 0 1 0 1 0 1 1 0 1 1 1]]","[[31767.37013778 37067.97967177]
 [78618.96979754 79776.78440084]
 [32822.94796221 38216.2092651 ]
 [77184.05731926 57727.80922143]
 [93670.21505612 33460.90516388]]"
5,1,92.56724810810056,99.79996922603478,1.7000679969787598,"[[1 1 0 1 0 0 1 0 0 0 0 0 1 1 0 0 0 0 1 0 1 1]
 [1 0 0 1 0 1 0 0 1 0 1 1 1 0 1 0 1 1 0 1 1 1]
 [0 0 1 1 0 0 0 0 1 0 1 1 1 0 1 0 0 1 1 1 0 1]
 [1 0 0 1 1 1 0 1 0 0 0 1 1 0 0 0 0 1 1 0 0 1]
 [0 1 1 1 0 0 0 0 1 0 0 0 1 0 1 0 1 1 0 1 1 1]]","[[31767.37013778 37067.97967177]
 [78618.96979754 79776.78440084]
 [32822.94796221 38216.2092651 ]
 [77184.05731926 57727.80922143]
 [93670.21505612 33460.90516388]]"
5,2,92.9716459874946,99.16910293891368,2.3595261573791504,"[[1 1 0 1 0 0 1 0 0 0 0 0 1 1 0 0 0 0 1 0 1 1]
 [1 0 0 1 0 1 0 0 1 0 1 1 1 0 1 0 1 1 0 1 1 1]
 [0 0 1 1 0 0 0 0 1 0 1 1 1 0 1 0 0 1 1 1 0 1]
 [1 0 0 1 1 1 0 1 0 0 0 1 1 0 0 0 0 1 1 0 0 1]
 [0 1 1 1 0 0 0 0 1 0 0 0 1 0 1 0 1 1 0 1 1 1]]","[[31767.37013778 37067.97967177]
 [78618.96979754 79776.78440084]
 [32822.94796221 38216.2092651 ]
 [77184.05731926 57727.80922143]
 [93670.21505612 33460.90516388]]"
5,3,92.9716459874946,99.16910293891368,3.4809670448303223,"[[1 1 0 1 0 0 1 0 0 0 0 0 1 1 0 0 0 0 1 0 1 1]
 [1 0 0 1 0 1 0 0 1 0 1 1 1 0 1 0 1 1 0 1 1 1]
 [0 0 1 1 0 0 0 0 1 0 1 1 1 0 1 0 0 1 1 1 0 1]
 [1 0 0 1 1 1 0 1 0 0 0 1 1 0 0 0 0 1 1 0 0 1]
 [0 1 1 1 0 0 0 0 1 0 0 0 1 0 1 0 1 1 0 1 1 1]]","[[31767.37013778 37067.97967177]
 [78618.96979754 79776.78440084]
 [32822.94796221 38216.2092651 ]
 [77184.05731926 57727.80922143]
 [93670.21505612 33460.90516388]]"
5,4,93.63636363636364,100.0,4.629906177520752,"[[1 1 0 1 0 0 1 0 0 0 0 0 1 1 0 0 0 0 1 0 1 1]
 [1 0 0 1 0 1 0 0 1 0 1 1 1 0 1 0 1 1 0 1 1 1]
 [0 0 1 1 0 0 0 0 1 0 1 1 1 0 1 0 0 1 1 1 0 1]
 [1 0 0 1 1 1 0 1 0 0 0 1 1 0 0 0 0 1 1 0 0 1]
 [0 1 1 1 0 0 0 0 1 0 0 0 1 0 1 0 1 1 0 1 1 1]]","[[31767.37013778 37067.97967177]
 [78618.96979754 79776.78440084]
 [32822.94796221 38216.2092651 ]
 [77184.05731926 57727.80922143]
 [93670.21505612 33460.90516388]]"
5,5,93.63636363636364,100.0,5.451956272125244,"[[1 1 0 1 0 0 1 0 0 0 0 0 1 1 0 0 0 0 1 0 1 1]
 [1 0 0 1 0 1 0 0 1 0 1 1 1 0 1 0 1 1 0 1 1 1]
 [0 0 1 1 0 0 0 0 1 0 1 1 1 0 1 0 0 1 1 1 0 1]
 [1 0 0 1 1 1 0 1 0 0 0 1 1 0 0 0 0 1 1 0 0 1]
 [0 1 1 1 0 0 0 0 1 0 0 0 1 0 1 0 1 1 0 1 1 1]]","[[31767.37013778 37067.97967177]
 [78618.96979754 79776.78440084]
 [32822.94796221 38216.2092651 ]
 [77184.05731926 57727.80922143]
 [93670.21505612 33460.90516388]]"
5,6,93.63636363636364,100.0,6.7962470054626465,"[[1 1 0 1 0 0 1 0 0 0 0 0 1 1 0 0 0 0 1 0 1 1]
 [1 0 0 1 0 1 0 0 1 0 1 1 1 0 1 0 1 1 0 1 1 1]
 [0 0 1 1 0 0 0 0 1 0 1 1 1 0 1 0 0 1 1 1 0 1]
 [1 0 0 1 1 1 0 1 0 0 0 1 1 0 0 0 0 1 1 0 0 1]
 [0 1 1 1 0 0 0 0 1 0 0 0 1 0 1 0 1 1 0 1 1 1]]","[[31767.37013778 37067.97967177]
 [78618.96979754 79776.78440084]
 [32822.94796221 38216.2092651 ]
 [77184.05731926 57727.80922143]
 [93670.21505612 33460.90516388]]"
5,7,93.63636363636364,100.0,8.100259065628052,"[[1 1 0 1 0 0 1 0 0 0 0 0 1 1 0 0 0 0 1 0 1 1]
 [1 0 0 1 0 1 0 0 1 0 1 1 1 0 1 0 1 1 0 1 1 1]
 [0 0 1 1 0 0 0 0 1 0 1 1 1 0 1 0 0 1 1 1 0 1]
 [1 0 0 1 1 1 0 1 0 0 0 1 1 0 0 0 0 1 1 0 0 1]
 [0 1 1 1 0 0 0 0 1 0 0 0 1 0 1 0 1 1 0 1 1 1]]","[[31767.37013778 37067.97967177]
 [78618.96979754 79776.78440084]
 [32822.94796221 38216.2092651 ]
 [77184.05731926 57727.80922143]
 [93670.21505612 33460.90516388]]"
5,8,93.63636363636364,100.0,9.880691051483154,"[[1 1 0 1 0 0 1 0 0 0 0 0 1 1 0 0 0 0 1 0 1 1]
 [1 0 0 1 0 1 0 0 1 0 1 1 1 0 1 0 1 1 0 1 1 1]
 [0 0 1 1 0 0 0 0 1 0 1 1 1 0 1 0 0 1 1 1 0 1]
 [1 0 0 1 1 1 0 1 0 0 0 1 1 0 0 0 0 1 1 0 0 1]
 [0 1 1 1 0 0 0 0 1 0 0 0 1 0 1 0 1 1 0 1 1 1]]","[[31767.37013778 37067.97967177]
 [78618.96979754 79776.78440084]
 [32822.94796221 38216.2092651 ]
 [77184.05731926 57727.80922143]
 [93670.21505612 33460.90516388]]"
5,9,93.63636363636364,100.0,11.253535985946655,"[[1 1 0 1 0 0 1 0 0 0 0 0 1 1 0 0 0 0 1 0 1 1]
 [1 0 0 1 0 1 0 0 1 0 1 1 1 0 1 0 1 1 0 1 1 1]
 [0 0 1 1 0 0 0 0 1 0 1 1 1 0 1 0 0 1 1 1 0 1]
 [1 0 0 1 1 1 0 1 0 0 0 1 1 0 0 0 0 1 1 0 0 1]
 [0 1 1 1 0 0 0 0 1 0 0 0 1 0 1 0 1 1 0 1 1 1]]","[[31767.37013778 37067.97967177]
 [78618.96979754 79776.78440084]
 [32822.94796221 38216.2092651 ]
 [77184.05731926 57727.80922143]
 [93670.21505612 33460.90516388]]"
5,10,93.63636363636364,100.0,12.504302978515625,"[[1 1 0 1 0 0 1 0 0 0 0 0 1 1 0 0 0 0 1 0 1 1]
 [1 0 0 1 0 1 0 0 1 0 1 1 1 0 1 0 1 1 0 1 1 1]
 [0 0 1 1 0 0 0 0 1 0 1 1 1 0 1 0 0 1 1 1 0 1]
 [1 0 0 1 1 1 0 1 0 0 0 1 1 0 0 0 0 1 1 0 0 1]
 [0 1 1 1 0 0 0 0 1 0 0 0 1 0 1 0 1 1 0 1 1 1]]","[[31767.37013778 37067.97967177]
 [78618.96979754 79776.78440084]
 [32822.94796221 38216.2092651 ]
 [77184.05731926 57727.80922143]
 [93670.21505612 33460.90516388]]"
5,11,93.63636363636364,100.0,13.469933986663818,"[[1 1 0 1 0 0 1 0 0 0 0 0 1 1 0 0 0 0 1 0 1 1]
 [1 0 0 1 0 1 0 0 1 0 1 1 1 0 1 0 1 1 0 1 1 1]
 [0 0 1 1 0 0 0 0 1 0 1 1 1 0 1 0 0 1 1 1 0 1]
 [1 0 0 1 1 1 0 1 0 0 0 1 1 0 0 0 0 1 1 0 0 1]
 [0 1 1 1 0 0 0 0 1 0 0 0 1 0 1 0 1 1 0 1 1 1]]","[[31767.37013778 37067.97967177]
 [78618.96979754 79776.78440084]
 [32822.94796221 38216.2092651 ]
 [77184.05731926 57727.80922143]
 [93670.21505612 33460.90516388]]"
5,12,93.63636363636364,100.0,15.118473291397095,"[[1 1 0 1 0 0 1 0 0 0 0 0 1 1 0 0 0 0 1 0 1 1]
 [1 0 0 1 0 1 0 0 1 0 1 1 1 0 1 0 1 1 0 1 1 1]
 [0 0 1 1 0 0 0 0 1 0 1 1 1 0 1 0 0 1 1 1 0 1]
 [1 0 0 1 1 1 0 1 0 0 0 1 1 0 0 0 0 1 1 0 0 1]
 [0 1 1 1 0 0 0 0 1 0 0 0 1 0 1 0 1 1 0 1 1 1]]","[[31767.37013778 37067.97967177]
 [78618.96979754 79776.78440084]
 [32822.94796221 38216.2092651 ]
 [77184.05731926 57727.80922143]
 [93670.21505612 33460.90516388]]"
5,13,93.63636363636364,100.0,16.16364097595215,"[[1 1 0 1 0 0 1 0 0 0 0 0 1 1 0 0 0 0 1 0 1 1]
 [1 0 0 1 0 1 0 0 1 0 1 1 1 0 1 0 1 1 0 1 1 1]
 [0 0 1 1 0 0 0 0 1 0 1 1 1 0 1 0 0 1 1 1 0 1]
 [1 0 0 1 1 1 0 1 0 0 0 1 1 0 0 0 0 1 1 0 0 1]
 [0 1 1 1 0 0 0 0 1 0 0 0 1 0 1 0 1 1 0 1 1 1]]","[[31767.37013778 37067.97967177]
 [78618.96979754 79776.78440084]
 [32822.94796221 38216.2092651 ]
 [77184.05731926 57727.80922143]
 [93670.21505612 33460.90516388]]"
5,14,93.63636363636364,100.0,16.711758136749268,"[[1 1 0 1 0 0 1 0 0 0 0 0 1 1 0 0 0 0 1 0 1 1]
 [1 0 0 1 0 1 0 0 1 0 1 1 1 0 1 0 1 1 0 1 1 1]
 [0 0 1 1 0 0 0 0 1 0 1 1 1 0 1 0 0 1 1 1 0 1]
 [1 0 0 1 1 1 0 1 0 0 0 1 1 0 0 0 0 1 1 0 0 1]
 [0 1 1 1 0 0 0 0 1 0 0 0 1 0 1 0 1 1 0 1 1 1]]","[[31767.37013778 37067.97967177]
 [78618.96979754 79776.78440084]
 [32822.94796221 38216.2092651 ]
 [77184.05731926 57727.80922143]
 [93670.21505612 33460.90516388]]"
5,15,93.63636363636364,100.0,17.710024118423462,"[[1 1 0 1 0 0 1 0 0 0 0 0 1 1 0 0 0 0 1 0 1 1]
 [1 0 0 1 0 1 0 0 1 0 1 1 1 0 1 0 1 1 0 1 1 1]
 [0 0 1 1 0 0 0 0 1 0 1 1 1 0 1 0 0 1 1 1 0 1]
 [1 0 0 1 1 1 0 1 0 0 0 1 1 0 0 0 0 1 1 0 0 1]
 [0 1 1 1 0 0 0 0 1 0 0 0 1 0 1 0 1 1 0 1 1 1]]","[[31767.37013778 37067.97967177]
 [78618.96979754 79776.78440084]
 [32822.94796221 38216.2092651 ]
 [77184.05731926 57727.80922143]
 [93670.21505612 33460.90516388]]"
5,16,93.63636363636364,100.0,18.41158699989319,"[[1 1 0 1 0 0 1 0 0 0 0 0 1 1 0 0 0 0 1 0 1 1]
 [1 0 0 1 0 1 0 0 1 0 1 1 1 0 1 0 1 1 0 1 1 1]
 [0 0 1 1 0 0 0 0 1 0 1 1 1 0 1 0 0 1 1 1 0 1]
 [1 0 0 1 1 1 0 1 0 0 0 1 1 0 0 0 0 1 1 0 0 1]
 [0 1 1 1 0 0 0 0 1 0 0 0 1 0 1 0 1 1 0 1 1 1]]","[[31767.37013778 37067.97967177]
 [78618.96979754 79776.78440084]
 [32822.94796221 38216.2092651 ]
 [77184.05731926 57727.80922143]
 [93670.21505612 33460.90516388]]"
5,17,93.63636363636364,100.0,19.538506984710693,"[[1 1 0 1 0 0 1 0 0 0 0 0 1 1 0 0 0 0 1 0 1 1]
 [1 0 0 1 0 1 0 0 1 0 1 1 1 0 1 0 1 1 0 1 1 1]
 [0 0 1 1 0 0 0 0 1 0 1 1 1 0 1 0 0 1 1 1 0 1]
 [1 0 0 1 1 1 0 1 0 0 0 1 1 0 0 0 0 1 1 0 0 1]
 [0 1 1 1 0 0 0 0 1 0 0 0 1 0 1 0 1 1 0 1 1 1]]","[[31767.37013778 37067.97967177]
 [78618.96979754 79776.78440084]
 [32822.94796221 38216.2092651 ]
 [77184.05731926 57727.80922143]
 [93670.21505612 33460.90516388]]"
5,18,93.63636363636364,100.0,20.587119102478027,"[[1 1 0 1 0 0 1 0 0 0 0 0 1 1 0 0 0 0 1 0 1 1]
 [1 0 0 1 0 1 0 0 1 0 1 1 1 0 1 0 1 1 0 1 1 1]
 [0 0 1 1 0 0 0 0 1 0 1 1 1 0 1 0 0 1 1 1 0 1]
 [1 0 0 1 1 1 0 1 0 0 0 1 1 0 0 0 0 1 1 0 0 1]
 [0 1 1 1 0 0 0 0 1 0 0 0 1 0 1 0 1 1 0 1 1 1]]","[[31767.37013778 37067.97967177]
 [78618.96979754 79776.78440084]
 [32822.94796221 38216.2092651 ]
 [77184.05731926 57727.80922143]
 [93670.21505612 33460.90516388]]"
5,19,93.63636363636364,100.0,21.45595622062683,"[[1 1 0 1 0 0 1 0 0 0 0 0 1 1 0 0 0 0 1 0 1 1]
 [1 0 0 1 0 1 0 0 1 0 1 1 1 0 1 0 1 1 0 1 1 1]
 [0 0 1 1 0 0 0 0 1 0 1 1 1 0 1 0 0 1 1 1 0 1]
 [1 0 0 1 1 1 0 1 0 0 0 1 1 0 0 0 0 1 1 0 0 1]
 [0 1 1 1 0 0 0 0 1 0 0 0 1 0 1 0 1 1 0 1 1 1]]","[[31767.37013778 37067.97967177]
 [78618.96979754 79776.78440084]
 [32822.94796221 38216.2092651 ]
 [77184.05731926 57727.80922143]
 [93670.21505612 33460.90516388]]"
6,0,91.92533116983033,97.86120941683336,0.7812111377716064,"[[0 0 0 1 1 1 1 1 1 1 0 1 0 1 0 1 1 1 0 0 0 0]
 [0 0 0 0 1 1 1 0 1 1 0 1 0 0 0 0 1 1 0 0 0 0]
 [0 0 1 1 1 1 0 0 0 1 1 1 1 0 0 0 1 1 0 1 1 0]
 [0 1 1 0 1 0 0 0 1 0 1 1 0 0 1 0 1 1 0 1 1 1]
 [0 0 0 0 0 1 1 0 1 0 1 0 1 0 0 0 0 1 1 1 0 0]]","[[74541.82634382 32031.28313701]
 [10967.16792     9468.24061389]
 [  178.86068231 58891.19860092]
 [29583.87179997 19287.17227474]
 [  263.14414129 91036.499858  ]]"
6,1,91.92533116983033,97.86120941683336,1.348729133605957,"[[0 0 0 1 1 1 1 1 1 1 0 1 0 1 0 1 1 1 0 0 0 0]
 [0 0 0 0 1 1 1 0 1 1 0 1 0 0 0 0 1 1 0 0 0 0]
 [0 0 1 1 1 1 0 0 0 1 1 1 1 0 0 0 1 1 0 1 1 0]
 [0 1 1 0 1 0 0 0 1 0 1 1 0 0 1 0 1 1 0 1 1 1]
 [0 0 0 0 0 1 1 0 1 0 1 0 1 0 0 0 0 1 1 1 0 0]]","[[74541.82634382 32031.28313701]
 [10967.16792     9468.24061389]
 [  178.86068231 58891.19860092]
 [29583.87179997 19287.17227474]
 [  263.14414129 91036.499858  ]]"
6,2,91.98687910028117,97.9381443298969,2.0392472743988037,"[[0 0 0 1 1 1 1 1 1 1 0 1 0 1 0 1 1 1 0 0 0 0]
 [0 0 0 0 1 1 1 0 1 1 0 1 0 0 0 0 1 1 0 0 0 0]
 [0 0 1 1 1 1 0 0 0 1 1 1 1 0 0 0 1 1 0 1 1 0]
 [0 1 1 0 1 0 0 0 1 0 1 1 0 0 1 0 1 1 0 1 1 1]
 [0 0 0 0 0 1 1 0 1 0 1 0 1 0 0 0 0 1 1 1 0 0]]","[[74541.82634382 32031.28313701]
 [10967.16792     9468.24061389]
 [  178.86068231 58891.19860092]
 [29583.87179997 19287.17227474]
 [  263.14414129 91036.499858  ]]"
6,3,94.21309572102003,99.58455146945684,2.715163230895996,"[[0 0 0 1 1 1 1 1 1 1 0 1 0 1 0 1 1 1 0 0 0 0]
 [0 0 0 0 1 1 1 0 1 1 0 1 0 0 0 0 1 1 0 0 0 0]
 [0 0 1 1 1 1 0 0 0 1 1 1 1 0 0 0 1 1 0 1 1 0]
 [0 1 1 0 1 0 0 0 1 0 1 1 0 0 1 0 1 1 0 1 1 1]
 [0 0 0 0 0 1 1 0 1 0 1 0 1 0 0 0 0 1 1 1 0 0]]","[[74541.82634382 32031.28313701]
 [10967.16792     9468.24061389]
 [  178.86068231 58891.19860092]
 [29583.87179997 19287.17227474]
 [  263.14414129 91036.499858  ]]"
6,4,94.21309572102003,99.58455146945684,3.685215950012207,"[[0 0 0 1 1 1 1 1 1 1 0 1 0 1 0 1 1 1 0 0 0 0]
 [0 0 0 0 1 1 1 0 1 1 0 1 0 0 0 0 1 1 0 0 0 0]
 [0 0 1 1 1 1 0 0 0 1 1 1 1 0 0 0 1 1 0 1 1 0]
 [0 1 1 0 1 0 0 0 1 0 1 1 0 0 1 0 1 1 0 1 1 1]
 [0 0 0 0 0 1 1 0 1 0 1 0 1 0 0 0 0 1 1 1 0 0]]","[[74541.82634382 32031.28313701]
 [10967.16792     9468.24061389]
 [  178.86068231 58891.19860092]
 [29583.87179997 19287.17227474]
 [  263.14414129 91036.499858  ]]"
6,5,94.21309572102003,99.58455146945684,4.127554178237915,"[[0 0 0 1 1 1 1 1 1 1 0 1 0 1 0 1 1 1 0 0 0 0]
 [0 0 0 0 1 1 1 0 1 1 0 1 0 0 0 0 1 1 0 0 0 0]
 [0 0 1 1 1 1 0 0 0 1 1 1 1 0 0 0 1 1 0 1 1 0]
 [0 1 1 0 1 0 0 0 1 0 1 1 0 0 1 0 1 1 0 1 1 1]
 [0 0 0 0 0 1 1 0 1 0 1 0 1 0 0 0 0 1 1 1 0 0]]","[[74541.82634382 32031.28313701]
 [10967.16792     9468.24061389]
 [  178.86068231 58891.19860092]
 [29583.87179997 19287.17227474]
 [  263.14414129 91036.499858  ]]"
6,6,94.36081075410203,99.76919526080935,4.734393119812012,"[[0 0 0 1 1 1 1 1 1 1 0 1 0 1 0 1 1 1 0 0 0 0]
 [0 0 0 0 1 1 1 0 1 1 0 1 0 0 0 0 1 1 0 0 0 0]
 [0 0 1 1 1 1 0 0 0 1 1 1 1 0 0 0 1 1 0 1 1 0]
 [0 1 1 0 1 0 0 0 1 0 1 1 0 0 1 0 1 1 0 1 1 1]
 [0 0 0 0 0 1 1 0 1 0 1 0 1 0 0 0 0 1 1 1 0 0]]","[[74541.82634382 32031.28313701]
 [10967.16792     9468.24061389]
 [  178.86068231 58891.19860092]
 [29583.87179997 19287.17227474]
 [  263.14414129 91036.499858  ]]"
6,7,94.36081075410203,99.76919526080935,5.242398977279663,"[[0 0 0 1 1 1 1 1 1 1 0 1 0 1 0 1 1 1 0 0 0 0]
 [0 0 0 0 1 1 1 0 1 1 0 1 0 0 0 0 1 1 0 0 0 0]
 [0 0 1 1 1 1 0 0 0 1 1 1 1 0 0 0 1 1 0 1 1 0]
 [0 1 1 0 1 0 0 0 1 0 1 1 0 0 1 0 1 1 0 1 1 1]
 [0 0 0 0 0 1 1 0 1 0 1 0 1 0 0 0 0 1 1 1 0 0]]","[[74541.82634382 32031.28313701]
 [10967.16792     9468.24061389]
 [  178.86068231 58891.19860092]
 [29583.87179997 19287.17227474]
 [  263.14414129 91036.499858  ]]"
6,8,94.36081075410203,99.76919526080935,6.142688035964966,"[[0 0 0 1 1 1 1 1 1 1 0 1 0 1 0 1 1 1 0 0 0 0]
 [0 0 0 0 1 1 1 0 1 1 0 1 0 0 0 0 1 1 0 0 0 0]
 [0 0 1 1 1 1 0 0 0 1 1 1 1 0 0 0 1 1 0 1 1 0]
 [0 1 1 0 1 0 0 0 1 0 1 1 0 0 1 0 1 1 0 1 1 1]
 [0 0 0 0 0 1 1 0 1 0 1 0 1 0 0 0 0 1 1 1 0 0]]","[[74541.82634382 32031.28313701]
 [10967.16792     9468.24061389]
 [  178.86068231 58891.19860092]
 [29583.87179997 19287.17227474]
 [  263.14414129 91036.499858  ]]"
6,9,94.36081075410203,99.76919526080935,6.862601041793823,"[[0 0 0 1 1 1 1 1 1 1 0 1 0 1 0 1 1 1 0 0 0 0]
 [0 0 0 0 1 1 1 0 1 1 0 1 0 0 0 0 1 1 0 0 0 0]
 [0 0 1 1 1 1 0 0 0 1 1 1 1 0 0 0 1 1 0 1 1 0]
 [0 1 1 0 1 0 0 0 1 0 1 1 0 0 1 0 1 1 0 1 1 1]
 [0 0 0 0 0 1 1 0 1 0 1 0 1 0 0 0 0 1 1 1 0 0]]","[[74541.82634382 32031.28313701]
 [10967.16792     9468.24061389]
 [  178.86068231 58891.19860092]
 [29583.87179997 19287.17227474]
 [  263.14414129 91036.499858  ]]"
6,10,94.36081075410203,99.76919526080935,7.612354040145874,"[[0 0 0 1 1 1 1 1 1 1 0 1 0 1 0 1 1 1 0 0 0 0]
 [0 0 0 0 1 1 1 0 1 1 0 1 0 0 0 0 1 1 0 0 0 0]
 [0 0 1 1 1 1 0 0 0 1 1 1 1 0 0 0 1 1 0 1 1 0]
 [0 1 1 0 1 0 0 0 1 0 1 1 0 0 1 0 1 1 0 1 1 1]
 [0 0 0 0 0 1 1 0 1 0 1 0 1 0 0 0 0 1 1 1 0 0]]","[[74541.82634382 32031.28313701]
 [10967.16792     9468.24061389]
 [  178.86068231 58891.19860092]
 [29583.87179997 19287.17227474]
 [  263.14414129 91036.499858  ]]"
6,11,94.36081075410203,99.76919526080935,8.412122249603271,"[[0 0 0 1 1 1 1 1 1 1 0 1 0 1 0 1 1 1 0 0 0 0]
 [0 0 0 0 1 1 1 0 1 1 0 1 0 0 0 0 1 1 0 0 0 0]
 [0 0 1 1 1 1 0 0 0 1 1 1 1 0 0 0 1 1 0 1 1 0]
 [0 1 1 0 1 0 0 0 1 0 1 1 0 0 1 0 1 1 0 1 1 1]
 [0 0 0 0 0 1 1 0 1 0 1 0 1 0 0 0 0 1 1 1 0 0]]","[[74541.82634382 32031.28313701]
 [10967.16792     9468.24061389]
 [  178.86068231 58891.19860092]
 [29583.87179997 19287.17227474]
 [  263.14414129 91036.499858  ]]"
6,12,94.36081075410203,99.76919526080935,8.913220167160034,"[[0 0 0 1 1 1 1 1 1 1 0 1 0 1 0 1 1 1 0 0 0 0]
 [0 0 0 0 1 1 1 0 1 1 0 1 0 0 0 0 1 1 0 0 0 0]
 [0 0 1 1 1 1 0 0 0 1 1 1 1 0 0 0 1 1 0 1 1 0]
 [0 1 1 0 1 0 0 0 1 0 1 1 0 0 1 0 1 1 0 1 1 1]
 [0 0 0 0 0 1 1 0 1 0 1 0 1 0 0 0 0 1 1 1 0 0]]","[[74541.82634382 32031.28313701]
 [10967.16792     9468.24061389]
 [  178.86068231 58891.19860092]
 [29583.87179997 19287.17227474]
 [  263.14414129 91036.499858  ]]"
6,13,94.36081075410203,99.76919526080935,9.492455959320068,"[[0 0 0 1 1 1 1 1 1 1 0 1 0 1 0 1 1 1 0 0 0 0]
 [0 0 0 0 1 1 1 0 1 1 0 1 0 0 0 0 1 1 0 0 0 0]
 [0 0 1 1 1 1 0 0 0 1 1 1 1 0 0 0 1 1 0 1 1 0]
 [0 1 1 0 1 0 0 0 1 0 1 1 0 0 1 0 1 1 0 1 1 1]
 [0 0 0 0 0 1 1 0 1 0 1 0 1 0 0 0 0 1 1 1 0 0]]","[[74541.82634382 32031.28313701]
 [10967.16792     9468.24061389]
 [  178.86068231 58891.19860092]
 [29583.87179997 19287.17227474]
 [  263.14414129 91036.499858  ]]"
6,14,94.36081075410203,99.76919526080935,9.860572338104248,"[[0 0 0 1 1 1 1 1 1 1 0 1 0 1 0 1 1 1 0 0 0 0]
 [0 0 0 0 1 1 1 0 1 1 0 1 0 0 0 0 1 1 0 0 0 0]
 [0 0 1 1 1 1 0 0 0 1 1 1 1 0 0 0 1 1 0 1 1 0]
 [0 1 1 0 1 0 0 0 1 0 1 1 0 0 1 0 1 1 0 1 1 1]
 [0 0 0 0 0 1 1 0 1 0 1 0 1 0 0 0 0 1 1 1 0 0]]","[[74541.82634382 32031.28313701]
 [10967.16792     9468.24061389]
 [  178.86068231 58891.19860092]
 [29583.87179997 19287.17227474]
 [  263.14414129 91036.499858  ]]"
6,15,94.36081075410203,99.76919526080935,10.385115146636963,"[[0 0 0 1 1 1 1 1 1 1 0 1 0 1 0 1 1 1 0 0 0 0]
 [0 0 0 0 1 1 1 0 1 1 0 1 0 0 0 0 1 1 0 0 0 0]
 [0 0 1 1 1 1 0 0 0 1 1 1 1 0 0 0 1 1 0 1 1 0]
 [0 1 1 0 1 0 0 0 1 0 1 1 0 0 1 0 1 1 0 1 1 1]
 [0 0 0 0 0 1 1 0 1 0 1 0 1 0 0 0 0 1 1 1 0 0]]","[[74541.82634382 32031.28313701]
 [10967.16792     9468.24061389]
 [  178.86068231 58891.19860092]
 [29583.87179997 19287.17227474]
 [  263.14414129 91036.499858  ]]"
6,16,94.36081075410203,99.76919526080935,10.959224224090576,"[[0 0 0 1 1 1 1 1 1 1 0 1 0 1 0 1 1 1 0 0 0 0]
 [0 0 0 0 1 1 1 0 1 1 0 1 0 0 0 0 1 1 0 0 0 0]
 [0 0 1 1 1 1 0 0 0 1 1 1 1 0 0 0 1 1 0 1 1 0]
 [0 1 1 0 1 0 0 0 1 0 1 1 0 0 1 0 1 1 0 1 1 1]
 [0 0 0 0 0 1 1 0 1 0 1 0 1 0 0 0 0 1 1 1 0 0]]","[[74541.82634382 32031.28313701]
 [10967.16792     9468.24061389]
 [  178.86068231 58891.19860092]
 [29583.87179997 19287.17227474]
 [  263.14414129 91036.499858  ]]"
6,17,94.36081075410203,99.76919526080935,11.587461233139038,"[[0 0 0 1 1 1 1 1 1 1 0 1 0 1 0 1 1 1 0 0 0 0]
 [0 0 0 0 1 1 1 0 1 1 0 1 0 0 0 0 1 1 0 0 0 0]
 [0 0 1 1 1 1 0 0 0 1 1 1 1 0 0 0 1 1 0 1 1 0]
 [0 1 1 0 1 0 0 0 1 0 1 1 0 0 1 0 1 1 0 1 1 1]
 [0 0 0 0 0 1 1 0 1 0 1 0 1 0 0 0 0 1 1 1 0 0]]","[[74541.82634382 32031.28313701]
 [10967.16792     9468.24061389]
 [  178.86068231 58891.19860092]
 [29583.87179997 19287.17227474]
 [  263.14414129 91036.499858  ]]"
6,18,94.36081075410203,99.76919526080935,12.022692203521729,"[[0 0 0 1 1 1 1 1 1 1 0 1 0 1 0 1 1 1 0 0 0 0]
 [0 0 0 0 1 1 1 0 1 1 0 1 0 0 0 0 1 1 0 0 0 0]
 [0 0 1 1 1 1 0 0 0 1 1 1 1 0 0 0 1 1 0 1 1 0]
 [0 1 1 0 1 0 0 0 1 0 1 1 0 0 1 0 1 1 0 1 1 1]
 [0 0 0 0 0 1 1 0 1 0 1 0 1 0 0 0 0 1 1 1 0 0]]","[[74541.82634382 32031.28313701]
 [10967.16792     9468.24061389]
 [  178.86068231 58891.19860092]
 [29583.87179997 19287.17227474]
 [  263.14414129 91036.499858  ]]"
6,19,94.36081075410203,99.76919526080935,12.523721933364868,"[[0 0 0 1 1 1 1 1 1 1 0 1 0 1 0 1 1 1 0 0 0 0]
 [0 0 0 0 1 1 1 0 1 1 0 1 0 0 0 0 1 1 0 0 0 0]
 [0 0 1 1 1 1 0 0 0 1 1 1 1 0 0 0 1 1 0 1 1 0]
 [0 1 1 0 1 0 0 0 1 0 1 1 0 0 1 0 1 1 0 1 1 1]
 [0 0 0 0 0 1 1 0 1 0 1 0 1 0 0 0 0 1 1 1 0 0]]","[[74541.82634382 32031.28313701]
 [10967.16792     9468.24061389]
 [  178.86068231 58891.19860092]
 [29583.87179997 19287.17227474]
 [  263.14414129 91036.499858  ]]"
7,0,91.81818181818181,100.0,0.7802529335021973,"[[0 1 1 1 1 1 0 1 1 1 1 0 1 0 0 1 0 1 0 1 0 1]
 [1 1 0 0 1 0 1 0 1 1 0 0 0 0 1 0 0 1 0 0 0 0]
 [1 0 0 1 1 1 0 0 0 0 1 0 1 1 1 1 1 1 0 0 0 1]
 [0 0 0 0 0 0 1 0 1 1 1 0 0 0 0 0 0 1 0 1 1 1]
 [0 0 0 1 1 1 0 0 0 1 1 0 0 0 1 0 0 1 0 0 1 0]]","[[ 1942.43011855 32531.660392  ]
 [89038.09291107 86225.37765457]
 [28585.108643   44791.08629615]
 [29977.3407906  54783.10295108]
 [79027.77286448 35805.72336549]]"
7,1,91.81818181818181,100.0,2.2646241188049316,"[[0 1 1 1 1 1 0 1 1 1 1 0 1 0 0 1 0 1 0 1 0 1]
 [1 1 0 0 1 0 1 0 1 1 0 0 0 0 1 0 0 1 0 0 0 0]
 [1 0 0 1 1 1 0 0 0 0 1 0 1 1 1 1 1 1 0 0 0 1]
 [0 0 0 0 0 0 1 0 1 1 1 0 0 0 0 0 0 1 0 1 1 1]
 [0 0 0 1 1 1 0 0 0 1 1 0 0 0 1 0 0 1 0 0 1 0]]","[[ 1942.43011855 32531.660392  ]
 [89038.09291107 86225.37765457]
 [28585.108643   44791.08629615]
 [29977.3407906  54783.10295108]
 [79027.77286448 35805.72336549]]"
7,2,94.10230944620851,99.44606862594244,2.927454948425293,"[[0 1 1 1 1 1 0 1 1 1 1 0 1 0 0 1 0 1 0 1 0 1]
 [1 1 0 0 1 0 1 0 1 1 0 0 0 0 1 0 0 1 0 0 0 0]
 [1 0 0 1 1 1 0 0 0 0 1 0 1 1 1 1 1 1 0 0 0 1]
 [0 0 0 0 0 0 1 0 1 1 1 0 0 0 0 0 0 1 0 1 1 1]
 [0 0 0 1 1 1 0 0 0 1 1 0 0 0 1 0 0 1 0 0 1 0]]","[[ 1942.43011855 32531.660392  ]
 [89038.09291107 86225.37765457]
 [28585.108643   44791.08629615]
 [29977.3407906  54783.10295108]
 [79027.77286448 35805.72336549]]"
7,3,94.10230944620851,99.44606862594244,4.012276887893677,"[[0 1 1 1 1 1 0 1 1 1 1 0 1 0 0 1 0 1 0 1 0 1]
 [1 1 0 0 1 0 1 0 1 1 0 0 0 0 1 0 0 1 0 0 0 0]
 [1 0 0 1 1 1 0 0 0 0 1 0 1 1 1 1 1 1 0 0 0 1]
 [0 0 0 0 0 0 1 0 1 1 1 0 0 0 0 0 0 1 0 1 1 1]
 [0 0 0 1 1 1 0 0 0 1 1 0 0 0 1 0 0 1 0 0 1 0]]","[[ 1942.43011855 32531.660392  ]
 [89038.09291107 86225.37765457]
 [28585.108643   44791.08629615]
 [29977.3407906  54783.10295108]
 [79027.77286448 35805.72336549]]"
7,4,94.10230944620851,99.44606862594244,4.614228963851929,"[[0 1 1 1 1 1 0 1 1 1 1 0 1 0 0 1 0 1 0 1 0 1]
 [1 1 0 0 1 0 1 0 1 1 0 0 0 0 1 0 0 1 0 0 0 0]
 [1 0 0 1 1 1 0 0 0 0 1 0 1 1 1 1 1 1 0 0 0 1]
 [0 0 0 0 0 0 1 0 1 1 1 0 0 0 0 0 0 1 0 1 1 1]
 [0 0 0 1 1 1 0 0 0 1 1 0 0 0 1 0 0 1 0 0 1 0]]","[[ 1942.43011855 32531.660392  ]
 [89038.09291107 86225.37765457]
 [28585.108643   44791.08629615]
 [29977.3407906  54783.10295108]
 [79027.77286448 35805.72336549]]"
7,5,94.10230944620851,99.44606862594244,5.554861068725586,"[[0 1 1 1 1 1 0 1 1 1 1 0 1 0 0 1 0 1 0 1 0 1]
 [1 1 0 0 1 0 1 0 1 1 0 0 0 0 1 0 0 1 0 0 0 0]
 [1 0 0 1 1 1 0 0 0 0 1 0 1 1 1 1 1 1 0 0 0 1]
 [0 0 0 0 0 0 1 0 1 1 1 0 0 0 0 0 0 1 0 1 1 1]
 [0 0 0 1 1 1 0 0 0 1 1 0 0 0 1 0 0 1 0 0 1 0]]","[[ 1942.43011855 32531.660392  ]
 [89038.09291107 86225.37765457]
 [28585.108643   44791.08629615]
 [29977.3407906  54783.10295108]
 [79027.77286448 35805.72336549]]"
7,6,94.10230944620851,99.44606862594244,6.385823965072632,"[[0 1 1 1 1 1 0 1 1 1 1 0 1 0 0 1 0 1 0 1 0 1]
 [1 1 0 0 1 0 1 0 1 1 0 0 0 0 1 0 0 1 0 0 0 0]
 [1 0 0 1 1 1 0 0 0 0 1 0 1 1 1 1 1 1 0 0 0 1]
 [0 0 0 0 0 0 1 0 1 1 1 0 0 0 0 0 0 1 0 1 1 1]
 [0 0 0 1 1 1 0 0 0 1 1 0 0 0 1 0 0 1 0 0 1 0]]","[[ 1942.43011855 32531.660392  ]
 [89038.09291107 86225.37765457]
 [28585.108643   44791.08629615]
 [29977.3407906  54783.10295108]
 [79027.77286448 35805.72336549]]"
7,7,94.10230944620851,99.44606862594244,7.047463893890381,"[[0 1 1 1 1 1 0 1 1 1 1 0 1 0 0 1 0 1 0 1 0 1]
 [1 1 0 0 1 0 1 0 1 1 0 0 0 0 1 0 0 1 0 0 0 0]
 [1 0 0 1 1 1 0 0 0 0 1 0 1 1 1 1 1 1 0 0 0 1]
 [0 0 0 0 0 0 1 0 1 1 1 0 0 0 0 0 0 1 0 1 1 1]
 [0 0 0 1 1 1 0 0 0 1 1 0 0 0 1 0 0 1 0 0 1 0]]","[[ 1942.43011855 32531.660392  ]
 [89038.09291107 86225.37765457]
 [28585.108643   44791.08629615]
 [29977.3407906  54783.10295108]
 [79027.77286448 35805.72336549]]"
7,8,94.10230944620851,99.44606862594244,7.716745853424072,"[[0 1 1 1 1 1 0 1 1 1 1 0 1 0 0 1 0 1 0 1 0 1]
 [1 1 0 0 1 0 1 0 1 1 0 0 0 0 1 0 0 1 0 0 0 0]
 [1 0 0 1 1 1 0 0 0 0 1 0 1 1 1 1 1 1 0 0 0 1]
 [0 0 0 0 0 0 1 0 1 1 1 0 0 0 0 0 0 1 0 1 1 1]
 [0 0 0 1 1 1 0 0 0 1 1 0 0 0 1 0 0 1 0 0 1 0]]","[[ 1942.43011855 32531.660392  ]
 [89038.09291107 86225.37765457]
 [28585.108643   44791.08629615]
 [29977.3407906  54783.10295108]
 [79027.77286448 35805.72336549]]"
7,9,94.10230944620851,99.44606862594244,8.538278818130493,"[[0 1 1 1 1 1 0 1 1 1 1 0 1 0 0 1 0 1 0 1 0 1]
 [1 1 0 0 1 0 1 0 1 1 0 0 0 0 1 0 0 1 0 0 0 0]
 [1 0 0 1 1 1 0 0 0 0 1 0 1 1 1 1 1 1 0 0 0 1]
 [0 0 0 0 0 0 1 0 1 1 1 0 0 0 0 0 0 1 0 1 1 1]
 [0 0 0 1 1 1 0 0 0 1 1 0 0 0 1 0 0 1 0 0 1 0]]","[[ 1942.43011855 32531.660392  ]
 [89038.09291107 86225.37765457]
 [28585.108643   44791.08629615]
 [29977.3407906  54783.10295108]
 [79027.77286448 35805.72336549]]"
7,10,94.10230944620851,99.44606862594244,9.247622728347778,"[[0 1 1 1 1 1 0 1 1 1 1 0 1 0 0 1 0 1 0 1 0 1]
 [1 1 0 0 1 0 1 0 1 1 0 0 0 0 1 0 0 1 0 0 0 0]
 [1 0 0 1 1 1 0 0 0 0 1 0 1 1 1 1 1 1 0 0 0 1]
 [0 0 0 0 0 0 1 0 1 1 1 0 0 0 0 0 0 1 0 1 1 1]
 [0 0 0 1 1 1 0 0 0 1 1 0 0 0 1 0 0 1 0 0 1 0]]","[[ 1942.43011855 32531.660392  ]
 [89038.09291107 86225.37765457]
 [28585.108643   44791.08629615]
 [29977.3407906  54783.10295108]
 [79027.77286448 35805.72336549]]"
7,11,94.10230944620851,99.44606862594244,10.236053943634033,"[[0 1 1 1 1 1 0 1 1 1 1 0 1 0 0 1 0 1 0 1 0 1]
 [1 1 0 0 1 0 1 0 1 1 0 0 0 0 1 0 0 1 0 0 0 0]
 [1 0 0 1 1 1 0 0 0 0 1 0 1 1 1 1 1 1 0 0 0 1]
 [0 0 0 0 0 0 1 0 1 1 1 0 0 0 0 0 0 1 0 1 1 1]
 [0 0 0 1 1 1 0 0 0 1 1 0 0 0 1 0 0 1 0 0 1 0]]","[[ 1942.43011855 32531.660392  ]
 [89038.09291107 86225.37765457]
 [28585.108643   44791.08629615]
 [29977.3407906  54783.10295108]
 [79027.77286448 35805.72336549]]"
7,12,94.10230944620851,99.44606862594244,11.601388931274414,"[[0 1 1 1 1 1 0 1 1 1 1 0 1 0 0 1 0 1 0 1 0 1]
 [1 1 0 0 1 0 1 0 1 1 0 0 0 0 1 0 0 1 0 0 0 0]
 [1 0 0 1 1 1 0 0 0 0 1 0 1 1 1 1 1 1 0 0 0 1]
 [0 0 0 0 0 0 1 0 1 1 1 0 0 0 0 0 0 1 0 1 1 1]
 [0 0 0 1 1 1 0 0 0 1 1 0 0 0 1 0 0 1 0 0 1 0]]","[[ 1942.43011855 32531.660392  ]
 [89038.09291107 86225.37765457]
 [28585.108643   44791.08629615]
 [29977.3407906  54783.10295108]
 [79027.77286448 35805.72336549]]"
7,13,94.10230944620851,99.44606862594244,12.44136118888855,"[[0 1 1 1 1 1 0 1 1 1 1 0 1 0 0 1 0 1 0 1 0 1]
 [1 1 0 0 1 0 1 0 1 1 0 0 0 0 1 0 0 1 0 0 0 0]
 [1 0 0 1 1 1 0 0 0 0 1 0 1 1 1 1 1 1 0 0 0 1]
 [0 0 0 0 0 0 1 0 1 1 1 0 0 0 0 0 0 1 0 1 1 1]
 [0 0 0 1 1 1 0 0 0 1 1 0 0 0 1 0 0 1 0 0 1 0]]","[[ 1942.43011855 32531.660392  ]
 [89038.09291107 86225.37765457]
 [28585.108643   44791.08629615]
 [29977.3407906  54783.10295108]
 [79027.77286448 35805.72336549]]"
7,14,94.10230944620851,99.44606862594244,13.32018494606018,"[[0 1 1 1 1 1 0 1 1 1 1 0 1 0 0 1 0 1 0 1 0 1]
 [1 1 0 0 1 0 1 0 1 1 0 0 0 0 1 0 0 1 0 0 0 0]
 [1 0 0 1 1 1 0 0 0 0 1 0 1 1 1 1 1 1 0 0 0 1]
 [0 0 0 0 0 0 1 0 1 1 1 0 0 0 0 0 0 1 0 1 1 1]
 [0 0 0 1 1 1 0 0 0 1 1 0 0 0 1 0 0 1 0 0 1 0]]","[[ 1942.43011855 32531.660392  ]
 [89038.09291107 86225.37765457]
 [28585.108643   44791.08629615]
 [29977.3407906  54783.10295108]
 [79027.77286448 35805.72336549]]"
7,15,94.10230944620851,99.44606862594244,14.421993970870972,"[[0 1 1 1 1 1 0 1 1 1 1 0 1 0 0 1 0 1 0 1 0 1]
 [1 1 0 0 1 0 1 0 1 1 0 0 0 0 1 0 0 1 0 0 0 0]
 [1 0 0 1 1 1 0 0 0 0 1 0 1 1 1 1 1 1 0 0 0 1]
 [0 0 0 0 0 0 1 0 1 1 1 0 0 0 0 0 0 1 0 1 1 1]
 [0 0 0 1 1 1 0 0 0 1 1 0 0 0 1 0 0 1 0 0 1 0]]","[[ 1942.43011855 32531.660392  ]
 [89038.09291107 86225.37765457]
 [28585.108643   44791.08629615]
 [29977.3407906  54783.10295108]
 [79027.77286448 35805.72336549]]"
7,16,94.10230944620851,99.44606862594244,14.77632999420166,"[[0 1 1 1 1 1 0 1 1 1 1 0 1 0 0 1 0 1 0 1 0 1]
 [1 1 0 0 1 0 1 0 1 1 0 0 0 0 1 0 0 1 0 0 0 0]
 [1 0 0 1 1 1 0 0 0 0 1 0 1 1 1 1 1 1 0 0 0 1]
 [0 0 0 0 0 0 1 0 1 1 1 0 0 0 0 0 0 1 0 1 1 1]
 [0 0 0 1 1 1 0 0 0 1 1 0 0 0 1 0 0 1 0 0 1 0]]","[[ 1942.43011855 32531.660392  ]
 [89038.09291107 86225.37765457]
 [28585.108643   44791.08629615]
 [29977.3407906  54783.10295108]
 [79027.77286448 35805.72336549]]"
7,17,94.10230944620851,99.44606862594244,15.427542924880981,"[[0 1 1 1 1 1 0 1 1 1 1 0 1 0 0 1 0 1 0 1 0 1]
 [1 1 0 0 1 0 1 0 1 1 0 0 0 0 1 0 0 1 0 0 0 0]
 [1 0 0 1 1 1 0 0 0 0 1 0 1 1 1 1 1 1 0 0 0 1]
 [0 0 0 0 0 0 1 0 1 1 1 0 0 0 0 0 0 1 0 1 1 1]
 [0 0 0 1 1 1 0 0 0 1 1 0 0 0 1 0 0 1 0 0 1 0]]","[[ 1942.43011855 32531.660392  ]
 [89038.09291107 86225.37765457]
 [28585.108643   44791.08629615]
 [29977.3407906  54783.10295108]
 [79027.77286448 35805.72336549]]"
7,18,94.10230944620851,99.44606862594244,15.715677976608276,"[[0 1 1 1 1 1 0 1 1 1 1 0 1 0 0 1 0 1 0 1 0 1]
 [1 1 0 0 1 0 1 0 1 1 0 0 0 0 1 0 0 1 0 0 0 0]
 [1 0 0 1 1 1 0 0 0 0 1 0 1 1 1 1 1 1 0 0 0 1]
 [0 0 0 0 0 0 1 0 1 1 1 0 0 0 0 0 0 1 0 1 1 1]
 [0 0 0 1 1 1 0 0 0 1 1 0 0 0 1 0 0 1 0 0 1 0]]","[[ 1942.43011855 32531.660392  ]
 [89038.09291107 86225.37765457]
 [28585.108643   44791.08629615]
 [29977.3407906  54783.10295108]
 [79027.77286448 35805.72336549]]"
7,19,94.23771489320036,99.61532543468226,16.14952278137207,"[[0 1 1 1 1 1 0 1 1 1 1 0 1 0 0 1 0 1 0 1 0 1]
 [1 1 0 0 1 0 1 0 1 1 0 0 0 0 1 0 0 1 0 0 0 0]
 [1 0 0 1 1 1 0 0 0 0 1 0 1 1 1 1 1 1 0 0 0 1]
 [0 0 0 0 0 0 1 0 1 1 1 0 0 0 0 0 0 1 0 1 1 1]
 [0 0 0 1 1 1 0 0 0 1 1 0 0 0 1 0 0 1 0 0 1 0]]","[[ 1942.43011855 32531.660392  ]
 [89038.09291107 86225.37765457]
 [28585.108643   44791.08629615]
 [29977.3407906  54783.10295108]
 [79027.77286448 35805.72336549]]"
8,0,89.86459455300816,99.8307431912602,1.7402629852294922,"[[0 1 1 0 0 1 0 1 1 0 0 1 0 0 1 0 1 1 0 0 1 0]
 [1 1 1 0 0 0 1 0 0 0 1 0 1 1 1 1 0 1 0 0 1 0]
 [0 1 1 0 0 1 0 1 1 1 0 0 0 0 1 1 1 1 0 0 1 0]
 [0 1 1 0 0 0 0 0 0 0 0 0 0 0 1 1 1 1 0 0 1 1]
 [1 1 1 1 0 0 0 0 1 0 0 1 0 1 0 0 1 1 0 0 1 1]]","[[33950.92665508 83407.35012514]
 [92076.38920949 89996.89733807]
 [23134.89011595 45402.90794653]
 [58331.84473861 20645.62956686]
 [95544.8767496  19450.15973108]]"
8,1,92.2102701114857,99.3537467302662,3.846435785293579,"[[0 1 1 0 0 1 0 1 1 0 0 1 0 0 1 0 1 1 0 0 1 0]
 [1 1 1 0 0 0 1 0 0 0 1 0 1 1 1 1 0 1 0 0 1 0]
 [0 1 1 0 0 1 0 1 1 1 0 0 0 0 1 1 1 1 0 0 1 0]
 [0 1 1 0 0 0 0 0 0 0 0 0 0 0 1 1 1 1 0 0 1 1]
 [1 1 1 1 0 0 0 0 1 0 0 1 0 1 0 0 1 1 0 0 1 1]]","[[33950.92665508 83407.35012514]
 [92076.38920949 89996.89733807]
 [23134.89011595 45402.90794653]
 [58331.84473861 20645.62956686]
 [95544.8767496  19450.15973108]]"
8,2,92.2102701114857,99.3537467302662,5.093745946884155,"[[0 1 1 0 0 1 0 1 1 0 0 1 0 0 1 0 1 1 0 0 1 0]
 [1 1 1 0 0 0 1 0 0 0 1 0 1 1 1 1 0 1 0 0 1 0]
 [0 1 1 0 0 1 0 1 1 1 0 0 0 0 1 1 1 1 0 0 1 0]
 [0 1 1 0 0 0 0 0 0 0 0 0 0 0 1 1 1 1 0 0 1 1]
 [1 1 1 1 0 0 0 0 1 0 0 1 0 1 0 0 1 1 0 0 1 1]]","[[33950.92665508 83407.35012514]
 [92076.38920949 89996.89733807]
 [23134.89011595 45402.90794653]
 [58331.84473861 20645.62956686]
 [95544.8767496  19450.15973108]]"
8,3,92.2102701114857,99.3537467302662,7.035475969314575,"[[0 1 1 0 0 1 0 1 1 0 0 1 0 0 1 0 1 1 0 0 1 0]
 [1 1 1 0 0 0 1 0 0 0 1 0 1 1 1 1 0 1 0 0 1 0]
 [0 1 1 0 0 1 0 1 1 1 0 0 0 0 1 1 1 1 0 0 1 0]
 [0 1 1 0 0 0 0 0 0 0 0 0 0 0 1 1 1 1 0 0 1 1]
 [1 1 1 1 0 0 0 0 1 0 0 1 0 1 0 0 1 1 0 0 1 1]]","[[33950.92665508 83407.35012514]
 [92076.38920949 89996.89733807]
 [23134.89011595 45402.90794653]
 [58331.84473861 20645.62956686]
 [95544.8767496  19450.15973108]]"
8,4,92.99626515967492,99.19987690413909,8.054219961166382,"[[0 1 1 0 0 1 0 1 1 0 0 1 0 0 1 0 1 1 0 0 1 0]
 [1 1 1 0 0 0 1 0 0 0 1 0 1 1 1 1 0 1 0 0 1 0]
 [0 1 1 0 0 1 0 1 1 1 0 0 0 0 1 1 1 1 0 0 1 0]
 [0 1 1 0 0 0 0 0 0 0 0 0 0 0 1 1 1 1 0 0 1 1]
 [1 1 1 1 0 0 0 0 1 0 0 1 0 1 0 0 1 1 0 0 1 1]]","[[33950.92665508 83407.35012514]
 [92076.38920949 89996.89733807]
 [23134.89011595 45402.90794653]
 [58331.84473861 20645.62956686]
 [95544.8767496  19450.15973108]]"
8,5,92.99626515967492,99.19987690413909,9.920721769332886,"[[0 1 1 0 0 1 0 1 1 0 0 1 0 0 1 0 1 1 0 0 1 0]
 [1 1 1 0 0 0 1 0 0 0 1 0 1 1 1 1 0 1 0 0 1 0]
 [0 1 1 0 0 1 0 1 1 1 0 0 0 0 1 1 1 1 0 0 1 0]
 [0 1 1 0 0 0 0 0 0 0 0 0 0 0 1 1 1 1 0 0 1 1]
 [1 1 1 1 0 0 0 0 1 0 0 1 0 1 0 0 1 1 0 0 1 1]]","[[33950.92665508 83407.35012514]
 [92076.38920949 89996.89733807]
 [23134.89011595 45402.90794653]
 [58331.84473861 20645.62956686]
 [95544.8767496  19450.15973108]]"
8,6,92.99626515967492,99.19987690413909,11.599098920822144,"[[0 1 1 0 0 1 0 1 1 0 0 1 0 0 1 0 1 1 0 0 1 0]
 [1 1 1 0 0 0 1 0 0 0 1 0 1 1 1 1 0 1 0 0 1 0]
 [0 1 1 0 0 1 0 1 1 1 0 0 0 0 1 1 1 1 0 0 1 0]
 [0 1 1 0 0 0 0 0 0 0 0 0 0 0 1 1 1 1 0 0 1 1]
 [1 1 1 1 0 0 0 0 1 0 0 1 0 1 0 0 1 1 0 0 1 1]]","[[33950.92665508 83407.35012514]
 [92076.38920949 89996.89733807]
 [23134.89011595 45402.90794653]
 [58331.84473861 20645.62956686]
 [95544.8767496  19450.15973108]]"
8,7,92.99626515967492,99.19987690413909,13.358623027801514,"[[0 1 1 0 0 1 0 1 1 0 0 1 0 0 1 0 1 1 0 0 1 0]
 [1 1 1 0 0 0 1 0 0 0 1 0 1 1 1 1 0 1 0 0 1 0]
 [0 1 1 0 0 1 0 1 1 1 0 0 0 0 1 1 1 1 0 0 1 0]
 [0 1 1 0 0 0 0 0 0 0 0 0 0 0 1 1 1 1 0 0 1 1]
 [1 1 1 1 0 0 0 0 1 0 0 1 0 1 0 0 1 1 0 0 1 1]]","[[33950.92665508 83407.35012514]
 [92076.38920949 89996.89733807]
 [23134.89011595 45402.90794653]
 [58331.84473861 20645.62956686]
 [95544.8767496  19450.15973108]]"
8,8,92.99626515967492,99.19987690413909,14.777463912963867,"[[0 1 1 0 0 1 0 1 1 0 0 1 0 0 1 0 1 1 0 0 1 0]
 [1 1 1 0 0 0 1 0 0 0 1 0 1 1 1 1 0 1 0 0 1 0]
 [0 1 1 0 0 1 0 1 1 1 0 0 0 0 1 1 1 1 0 0 1 0]
 [0 1 1 0 0 0 0 0 0 0 0 0 0 0 1 1 1 1 0 0 1 1]
 [1 1 1 1 0 0 0 0 1 0 0 1 0 1 0 0 1 1 0 0 1 1]]","[[33950.92665508 83407.35012514]
 [92076.38920949 89996.89733807]
 [23134.89011595 45402.90794653]
 [58331.84473861 20645.62956686]
 [95544.8767496  19450.15973108]]"
8,9,92.99626515967492,99.19987690413909,16.164785861968994,"[[0 1 1 0 0 1 0 1 1 0 0 1 0 0 1 0 1 1 0 0 1 0]
 [1 1 1 0 0 0 1 0 0 0 1 0 1 1 1 1 0 1 0 0 1 0]
 [0 1 1 0 0 1 0 1 1 1 0 0 0 0 1 1 1 1 0 0 1 0]
 [0 1 1 0 0 0 0 0 0 0 0 0 0 0 1 1 1 1 0 0 1 1]
 [1 1 1 1 0 0 0 0 1 0 0 1 0 1 0 0 1 1 0 0 1 1]]","[[33950.92665508 83407.35012514]
 [92076.38920949 89996.89733807]
 [23134.89011595 45402.90794653]
 [58331.84473861 20645.62956686]
 [95544.8767496  19450.15973108]]"
8,10,92.99626515967492,99.19987690413909,18.13871693611145,"[[0 1 1 0 0 1 0 1 1 0 0 1 0 0 1 0 1 1 0 0 1 0]
 [1 1 1 0 0 0 1 0 0 0 1 0 1 1 1 1 0 1 0 0 1 0]
 [0 1 1 0 0 1 0 1 1 1 0 0 0 0 1 1 1 1 0 0 1 0]
 [0 1 1 0 0 0 0 0 0 0 0 0 0 0 1 1 1 1 0 0 1 1]
 [1 1 1 1 0 0 0 0 1 0 0 1 0 1 0 0 1 1 0 0 1 1]]","[[33950.92665508 83407.35012514]
 [92076.38920949 89996.89733807]
 [23134.89011595 45402.90794653]
 [58331.84473861 20645.62956686]
 [95544.8767496  19450.15973108]]"
8,11,92.99626515967492,99.19987690413909,19.371112823486328,"[[0 1 1 0 0 1 0 1 1 0 0 1 0 0 1 0 1 1 0 0 1 0]
 [1 1 1 0 0 0 1 0 0 0 1 0 1 1 1 1 0 1 0 0 1 0]
 [0 1 1 0 0 1 0 1 1 1 0 0 0 0 1 1 1 1 0 0 1 0]
 [0 1 1 0 0 0 0 0 0 0 0 0 0 0 1 1 1 1 0 0 1 1]
 [1 1 1 1 0 0 0 0 1 0 0 1 0 1 0 0 1 1 0 0 1 1]]","[[33950.92665508 83407.35012514]
 [92076.38920949 89996.89733807]
 [23134.89011595 45402.90794653]
 [58331.84473861 20645.62956686]
 [95544.8767496  19450.15973108]]"
8,12,92.99626515967492,99.19987690413909,21.095070838928223,"[[0 1 1 0 0 1 0 1 1 0 0 1 0 0 1 0 1 1 0 0 1 0]
 [1 1 1 0 0 0 1 0 0 0 1 0 1 1 1 1 0 1 0 0 1 0]
 [0 1 1 0 0 1 0 1 1 1 0 0 0 0 1 1 1 1 0 0 1 0]
 [0 1 1 0 0 0 0 0 0 0 0 0 0 0 1 1 1 1 0 0 1 1]
 [1 1 1 1 0 0 0 0 1 0 0 1 0 1 0 0 1 1 0 0 1 1]]","[[33950.92665508 83407.35012514]
 [92076.38920949 89996.89733807]
 [23134.89011595 45402.90794653]
 [58331.84473861 20645.62956686]
 [95544.8767496  19450.15973108]]"
8,13,92.99626515967492,99.19987690413909,22.94157600402832,"[[0 1 1 0 0 1 0 1 1 0 0 1 0 0 1 0 1 1 0 0 1 0]
 [1 1 1 0 0 0 1 0 0 0 1 0 1 1 1 1 0 1 0 0 1 0]
 [0 1 1 0 0 1 0 1 1 1 0 0 0 0 1 1 1 1 0 0 1 0]
 [0 1 1 0 0 0 0 0 0 0 0 0 0 0 1 1 1 1 0 0 1 1]
 [1 1 1 1 0 0 0 0 1 0 0 1 0 1 0 0 1 1 0 0 1 1]]","[[33950.92665508 83407.35012514]
 [92076.38920949 89996.89733807]
 [23134.89011595 45402.90794653]
 [58331.84473861 20645.62956686]
 [95544.8767496  19450.15973108]]"
8,14,92.99626515967492,99.19987690413909,24.584650993347168,"[[0 1 1 0 0 1 0 1 1 0 0 1 0 0 1 0 1 1 0 0 1 0]
 [1 1 1 0 0 0 1 0 0 0 1 0 1 1 1 1 0 1 0 0 1 0]
 [0 1 1 0 0 1 0 1 1 1 0 0 0 0 1 1 1 1 0 0 1 0]
 [0 1 1 0 0 0 0 0 0 0 0 0 0 0 1 1 1 1 0 0 1 1]
 [1 1 1 1 0 0 0 0 1 0 0 1 0 1 0 0 1 1 0 0 1 1]]","[[33950.92665508 83407.35012514]
 [92076.38920949 89996.89733807]
 [23134.89011595 45402.90794653]
 [58331.84473861 20645.62956686]
 [95544.8767496  19450.15973108]]"
8,15,92.99626515967492,99.19987690413909,27.252890825271606,"[[0 1 1 0 0 1 0 1 1 0 0 1 0 0 1 0 1 1 0 0 1 0]
 [1 1 1 0 0 0 1 0 0 0 1 0 1 1 1 1 0 1 0 0 1 0]
 [0 1 1 0 0 1 0 1 1 1 0 0 0 0 1 1 1 1 0 0 1 0]
 [0 1 1 0 0 0 0 0 0 0 0 0 0 0 1 1 1 1 0 0 1 1]
 [1 1 1 1 0 0 0 0 1 0 0 1 0 1 0 0 1 1 0 0 1 1]]","[[33950.92665508 83407.35012514]
 [92076.38920949 89996.89733807]
 [23134.89011595 45402.90794653]
 [58331.84473861 20645.62956686]
 [95544.8767496  19450.15973108]]"
8,16,92.99626515967492,99.19987690413909,28.338246822357178,"[[0 1 1 0 0 1 0 1 1 0 0 1 0 0 1 0 1 1 0 0 1 0]
 [1 1 1 0 0 0 1 0 0 0 1 0 1 1 1 1 0 1 0 0 1 0]
 [0 1 1 0 0 1 0 1 1 1 0 0 0 0 1 1 1 1 0 0 1 0]
 [0 1 1 0 0 0 0 0 0 0 0 0 0 0 1 1 1 1 0 0 1 1]
 [1 1 1 1 0 0 0 0 1 0 0 1 0 1 0 0 1 1 0 0 1 1]]","[[33950.92665508 83407.35012514]
 [92076.38920949 89996.89733807]
 [23134.89011595 45402.90794653]
 [58331.84473861 20645.62956686]
 [95544.8767496  19450.15973108]]"
8,17,92.99626515967492,99.19987690413909,30.816447019577026,"[[0 1 1 0 0 1 0 1 1 0 0 1 0 0 1 0 1 1 0 0 1 0]
 [1 1 1 0 0 0 1 0 0 0 1 0 1 1 1 1 0 1 0 0 1 0]
 [0 1 1 0 0 1 0 1 1 1 0 0 0 0 1 1 1 1 0 0 1 0]
 [0 1 1 0 0 0 0 0 0 0 0 0 0 0 1 1 1 1 0 0 1 1]
 [1 1 1 1 0 0 0 0 1 0 0 1 0 1 0 0 1 1 0 0 1 1]]","[[33950.92665508 83407.35012514]
 [92076.38920949 89996.89733807]
 [23134.89011595 45402.90794653]
 [58331.84473861 20645.62956686]
 [95544.8767496  19450.15973108]]"
8,18,92.99626515967492,99.19987690413909,32.5747709274292,"[[0 1 1 0 0 1 0 1 1 0 0 1 0 0 1 0 1 1 0 0 1 0]
 [1 1 1 0 0 0 1 0 0 0 1 0 1 1 1 1 0 1 0 0 1 0]
 [0 1 1 0 0 1 0 1 1 1 0 0 0 0 1 1 1 1 0 0 1 0]
 [0 1 1 0 0 0 0 0 0 0 0 0 0 0 1 1 1 1 0 0 1 1]
 [1 1 1 1 0 0 0 0 1 0 0 1 0 1 0 0 1 1 0 0 1 1]]","[[33950.92665508 83407.35012514]
 [92076.38920949 89996.89733807]
 [23134.89011595 45402.90794653]
 [58331.84473861 20645.62956686]
 [95544.8767496  19450.15973108]]"
8,19,92.99626515967492,99.19987690413909,33.57914400100708,"[[0 1 1 0 0 1 0 1 1 0 0 1 0 0 1 0 1 1 0 0 1 0]
 [1 1 1 0 0 0 1 0 0 0 1 0 1 1 1 1 0 1 0 0 1 0]
 [0 1 1 0 0 1 0 1 1 1 0 0 0 0 1 1 1 1 0 0 1 0]
 [0 1 1 0 0 0 0 0 0 0 0 0 0 0 1 1 1 1 0 0 1 1]
 [1 1 1 1 0 0 0 0 1 0 0 1 0 1 0 0 1 1 0 0 1 1]]","[[33950.92665508 83407.35012514]
 [92076.38920949 89996.89733807]
 [23134.89011595 45402.90794653]
 [58331.84473861 20645.62956686]
 [95544.8767496  19450.15973108]]"
9,0,92.34567555847752,99.523003539006,1.1378602981567383,"[[0 0 0 0 1 0 1 0 0 0 0 0 1 1 1 0 0 1 0 1 1 0]
 [1 0 0 1 1 0 1 1 0 0 0 0 1 0 0 1 1 0 0 1 1 1]
 [0 0 0 1 1 1 1 1 0 1 0 1 0 0 1 0 0 0 0 1 1 0]
 [1 1 0 0 1 0 1 0 1 1 0 0 1 0 1 0 1 0 0 1 0 0]
 [0 1 0 0 0 0 0 1 0 1 1 0 0 1 1 0 0 0 0 1 0 0]]","[[86205.78336188 94884.13106924]
 [72984.57684104 13614.20548984]
 [71422.32018647 75462.15702254]
 [30574.83994449  1998.06648385]
 [30566.31281107 63684.35190861]]"
9,1,92.34567555847752,99.523003539006,2.049510955810547,"[[0 0 0 0 1 0 1 0 0 0 0 0 1 1 1 0 0 1 0 1 1 0]
 [1 0 0 1 1 0 1 1 0 0 0 0 1 0 0 1 1 0 0 1 1 1]
 [0 0 0 1 1 1 1 1 0 1 0 1 0 0 1 0 0 0 0 1 1 0]
 [1 1 0 0 1 0 1 0 1 1 0 0 1 0 1 0 1 0 0 1 0 0]
 [0 1 0 0 0 0 0 1 0 1 1 0 0 1 1 0 0 0 0 1 0 0]]","[[86205.78336188 94884.13106924]
 [72984.57684104 13614.20548984]
 [71422.32018647 75462.15702254]
 [30574.83994449  1998.06648385]
 [30566.31281107 63684.35190861]]"
9,2,92.34567555847752,99.523003539006,2.8528599739074707,"[[0 0 0 0 1 0 1 0 0 0 0 0 1 1 1 0 0 1 0 1 1 0]
 [1 0 0 1 1 0 1 1 0 0 0 0 1 0 0 1 1 0 0 1 1 1]
 [0 0 0 1 1 1 1 1 0 1 0 1 0 0 1 0 0 0 0 1 1 0]
 [1 1 0 0 1 0 1 0 1 1 0 0 1 0 1 0 1 0 0 1 0 0]
 [0 1 0 0 0 0 0 1 0 1 1 0 0 1 1 0 0 0 0 1 0 0]]","[[86205.78336188 94884.13106924]
 [72984.57684104 13614.20548984]
 [71422.32018647 75462.15702254]
 [30574.83994449  1998.06648385]
 [30566.31281107 63684.35190861]]"
9,3,92.72727272727272,100.0,3.6349310874938965,"[[0 0 0 0 1 0 1 0 0 0 0 0 1 1 1 0 0 1 0 1 1 0]
 [1 0 0 1 1 0 1 1 0 0 0 0 1 0 0 1 1 0 0 1 1 1]
 [0 0 0 1 1 1 1 1 0 1 0 1 0 0 1 0 0 0 0 1 1 0]
 [1 1 0 0 1 0 1 0 1 1 0 0 1 0 1 0 1 0 0 1 0 0]
 [0 1 0 0 0 0 0 1 0 1 1 0 0 1 1 0 0 0 0 1 0 0]]","[[86205.78336188 94884.13106924]
 [72984.57684104 13614.20548984]
 [71422.32018647 75462.15702254]
 [30574.83994449  1998.06648385]
 [30566.31281107 63684.35190861]]"
9,4,92.72727272727272,100.0,4.708436965942383,"[[0 0 0 0 1 0 1 0 0 0 0 0 1 1 1 0 0 1 0 1 1 0]
 [1 0 0 1 1 0 1 1 0 0 0 0 1 0 0 1 1 0 0 1 1 1]
 [0 0 0 1 1 1 1 1 0 1 0 1 0 0 1 0 0 0 0 1 1 0]
 [1 1 0 0 1 0 1 0 1 1 0 0 1 0 1 0 1 0 0 1 0 0]
 [0 1 0 0 0 0 0 1 0 1 1 0 0 1 1 0 0 0 0 1 0 0]]","[[86205.78336188 94884.13106924]
 [72984.57684104 13614.20548984]
 [71422.32018647 75462.15702254]
 [30574.83994449  1998.06648385]
 [30566.31281107 63684.35190861]]"
9,5,92.72727272727272,100.0,6.747491121292114,"[[0 0 0 0 1 0 1 0 0 0 0 0 1 1 1 0 0 1 0 1 1 0]
 [1 0 0 1 1 0 1 1 0 0 0 0 1 0 0 1 1 0 0 1 1 1]
 [0 0 0 1 1 1 1 1 0 1 0 1 0 0 1 0 0 0 0 1 1 0]
 [1 1 0 0 1 0 1 0 1 1 0 0 1 0 1 0 1 0 0 1 0 0]
 [0 1 0 0 0 0 0 1 0 1 1 0 0 1 1 0 0 0 0 1 0 0]]","[[86205.78336188 94884.13106924]
 [72984.57684104 13614.20548984]
 [71422.32018647 75462.15702254]
 [30574.83994449  1998.06648385]
 [30566.31281107 63684.35190861]]"
9,6,94.4451593951517,98.73826742575781,8.65605616569519,"[[0 0 0 0 1 0 1 0 0 0 0 0 1 1 1 0 0 1 0 1 1 0]
 [1 0 0 1 1 0 1 1 0 0 0 0 1 0 0 1 1 0 0 1 1 1]
 [0 0 0 1 1 1 1 1 0 1 0 1 0 0 1 0 0 0 0 1 1 0]
 [1 1 0 0 1 0 1 0 1 1 0 0 1 0 1 0 1 0 0 1 0 0]
 [0 1 0 0 0 0 0 1 0 1 1 0 0 1 1 0 0 0 0 1 0 0]]","[[86205.78336188 94884.13106924]
 [72984.57684104 13614.20548984]
 [71422.32018647 75462.15702254]
 [30574.83994449  1998.06648385]
 [30566.31281107 63684.35190861]]"
9,7,94.4451593951517,98.73826742575781,9.87463927268982,"[[0 0 0 0 1 0 1 0 0 0 0 0 1 1 1 0 0 1 0 1 1 0]
 [1 0 0 1 1 0 1 1 0 0 0 0 1 0 0 1 1 0 0 1 1 1]
 [0 0 0 1 1 1 1 1 0 1 0 1 0 0 1 0 0 0 0 1 1 0]
 [1 1 0 0 1 0 1 0 1 1 0 0 1 0 1 0 1 0 0 1 0 0]
 [0 1 0 0 0 0 0 1 0 1 1 0 0 1 1 0 0 0 0 1 0 0]]","[[86205.78336188 94884.13106924]
 [72984.57684104 13614.20548984]
 [71422.32018647 75462.15702254]
 [30574.83994449  1998.06648385]
 [30566.31281107 63684.35190861]]"
9,8,94.4451593951517,98.73826742575781,10.589641094207764,"[[0 0 0 0 1 0 1 0 0 0 0 0 1 1 1 0 0 1 0 1 1 0]
 [1 0 0 1 1 0 1 1 0 0 0 0 1 0 0 1 1 0 0 1 1 1]
 [0 0 0 1 1 1 1 1 0 1 0 1 0 0 1 0 0 0 0 1 1 0]
 [1 1 0 0 1 0 1 0 1 1 0 0 1 0 1 0 1 0 0 1 0 0]
 [0 1 0 0 0 0 0 1 0 1 1 0 0 1 1 0 0 0 0 1 0 0]]","[[86205.78336188 94884.13106924]
 [72984.57684104 13614.20548984]
 [71422.32018647 75462.15702254]
 [30574.83994449  1998.06648385]
 [30566.31281107 63684.35190861]]"
9,9,94.4451593951517,98.73826742575781,12.588374137878418,"[[0 0 0 0 1 0 1 0 0 0 0 0 1 1 1 0 0 1 0 1 1 0]
 [1 0 0 1 1 0 1 1 0 0 0 0 1 0 0 1 1 0 0 1 1 1]
 [0 0 0 1 1 1 1 1 0 1 0 1 0 0 1 0 0 0 0 1 1 0]
 [1 1 0 0 1 0 1 0 1 1 0 0 1 0 1 0 1 0 0 1 0 0]
 [0 1 0 0 0 0 0 1 0 1 1 0 0 1 1 0 0 0 0 1 0 0]]","[[86205.78336188 94884.13106924]
 [72984.57684104 13614.20548984]
 [71422.32018647 75462.15702254]
 [30574.83994449  1998.06648385]
 [30566.31281107 63684.35190861]]"
9,10,94.4451593951517,98.73826742575781,13.10680603981018,"[[0 0 0 0 1 0 1 0 0 0 0 0 1 1 1 0 0 1 0 1 1 0]
 [1 0 0 1 1 0 1 1 0 0 0 0 1 0 0 1 1 0 0 1 1 1]
 [0 0 0 1 1 1 1 1 0 1 0 1 0 0 1 0 0 0 0 1 1 0]
 [1 1 0 0 1 0 1 0 1 1 0 0 1 0 1 0 1 0 0 1 0 0]
 [0 1 0 0 0 0 0 1 0 1 1 0 0 1 1 0 0 0 0 1 0 0]]","[[86205.78336188 94884.13106924]
 [72984.57684104 13614.20548984]
 [71422.32018647 75462.15702254]
 [30574.83994449  1998.06648385]
 [30566.31281107 63684.35190861]]"
9,11,96.3495083159647,98.84597630404677,14.099147081375122,"[[0 0 0 0 1 0 1 0 0 0 0 0 1 1 1 0 0 1 0 1 1 0]
 [1 0 0 1 1 0 1 1 0 0 0 0 1 0 0 1 1 0 0 1 1 1]
 [0 0 0 1 1 1 1 1 0 1 0 1 0 0 1 0 0 0 0 1 1 0]
 [1 1 0 0 1 0 1 0 1 1 0 0 1 0 1 0 1 0 0 1 0 0]
 [0 1 0 0 0 0 0 1 0 1 1 0 0 1 1 0 0 0 0 1 0 0]]","[[86205.78336188 94884.13106924]
 [72984.57684104 13614.20548984]
 [71422.32018647 75462.15702254]
 [30574.83994449  1998.06648385]
 [30566.31281107 63684.35190861]]"
9,12,96.3495083159647,98.84597630404677,14.742268085479736,"[[0 0 0 0 1 0 1 0 0 0 0 0 1 1 1 0 0 1 0 1 1 0]
 [1 0 0 1 1 0 1 1 0 0 0 0 1 0 0 1 1 0 0 1 1 1]
 [0 0 0 1 1 1 1 1 0 1 0 1 0 0 1 0 0 0 0 1 1 0]
 [1 1 0 0 1 0 1 0 1 1 0 0 1 0 1 0 1 0 0 1 0 0]
 [0 1 0 0 0 0 0 1 0 1 1 0 0 1 1 0 0 0 0 1 0 0]]","[[86205.78336188 94884.13106924]
 [72984.57684104 13614.20548984]
 [71422.32018647 75462.15702254]
 [30574.83994449  1998.06648385]
 [30566.31281107 63684.35190861]]"
9,13,96.3495083159647,98.84597630404677,15.595033168792725,"[[0 0 0 0 1 0 1 0 0 0 0 0 1 1 1 0 0 1 0 1 1 0]
 [1 0 0 1 1 0 1 1 0 0 0 0 1 0 0 1 1 0 0 1 1 1]
 [0 0 0 1 1 1 1 1 0 1 0 1 0 0 1 0 0 0 0 1 1 0]
 [1 1 0 0 1 0 1 0 1 1 0 0 1 0 1 0 1 0 0 1 0 0]
 [0 1 0 0 0 0 0 1 0 1 1 0 0 1 1 0 0 0 0 1 0 0]]","[[86205.78336188 94884.13106924]
 [72984.57684104 13614.20548984]
 [71422.32018647 75462.15702254]
 [30574.83994449  1998.06648385]
 [30566.31281107 63684.35190861]]"
9,14,96.3495083159647,98.84597630404677,16.112589120864868,"[[0 0 0 0 1 0 1 0 0 0 0 0 1 1 1 0 0 1 0 1 1 0]
 [1 0 0 1 1 0 1 1 0 0 0 0 1 0 0 1 1 0 0 1 1 1]
 [0 0 0 1 1 1 1 1 0 1 0 1 0 0 1 0 0 0 0 1 1 0]
 [1 1 0 0 1 0 1 0 1 1 0 0 1 0 1 0 1 0 0 1 0 0]
 [0 1 0 0 0 0 0 1 0 1 1 0 0 1 1 0 0 0 0 1 0 0]]","[[86205.78336188 94884.13106924]
 [72984.57684104 13614.20548984]
 [71422.32018647 75462.15702254]
 [30574.83994449  1998.06648385]
 [30566.31281107 63684.35190861]]"
9,15,96.3495083159647,98.84597630404677,17.408787965774536,"[[0 0 0 0 1 0 1 0 0 0 0 0 1 1 1 0 0 1 0 1 1 0]
 [1 0 0 1 1 0 1 1 0 0 0 0 1 0 0 1 1 0 0 1 1 1]
 [0 0 0 1 1 1 1 1 0 1 0 1 0 0 1 0 0 0 0 1 1 0]
 [1 1 0 0 1 0 1 0 1 1 0 0 1 0 1 0 1 0 0 1 0 0]
 [0 1 0 0 0 0 0 1 0 1 1 0 0 1 1 0 0 0 0 1 0 0]]","[[86205.78336188 94884.13106924]
 [72984.57684104 13614.20548984]
 [71422.32018647 75462.15702254]
 [30574.83994449  1998.06648385]
 [30566.31281107 63684.35190861]]"
9,16,96.3495083159647,98.84597630404677,18.041057109832764,"[[0 0 0 0 1 0 1 0 0 0 0 0 1 1 1 0 0 1 0 1 1 0]
 [1 0 0 1 1 0 1 1 0 0 0 0 1 0 0 1 1 0 0 1 1 1]
 [0 0 0 1 1 1 1 1 0 1 0 1 0 0 1 0 0 0 0 1 1 0]
 [1 1 0 0 1 0 1 0 1 1 0 0 1 0 1 0 1 0 0 1 0 0]
 [0 1 0 0 0 0 0 1 0 1 1 0 0 1 1 0 0 0 0 1 0 0]]","[[86205.78336188 94884.13106924]
 [72984.57684104 13614.20548984]
 [71422.32018647 75462.15702254]
 [30574.83994449  1998.06648385]
 [30566.31281107 63684.35190861]]"
9,17,96.3495083159647,98.84597630404677,18.786522150039673,"[[0 0 0 0 1 0 1 0 0 0 0 0 1 1 1 0 0 1 0 1 1 0]
 [1 0 0 1 1 0 1 1 0 0 0 0 1 0 0 1 1 0 0 1 1 1]
 [0 0 0 1 1 1 1 1 0 1 0 1 0 0 1 0 0 0 0 1 1 0]
 [1 1 0 0 1 0 1 0 1 1 0 0 1 0 1 0 1 0 0 1 0 0]
 [0 1 0 0 0 0 0 1 0 1 1 0 0 1 1 0 0 0 0 1 0 0]]","[[86205.78336188 94884.13106924]
 [72984.57684104 13614.20548984]
 [71422.32018647 75462.15702254]
 [30574.83994449  1998.06648385]
 [30566.31281107 63684.35190861]]"
9,18,96.3495083159647,98.84597630404677,19.231419324874878,"[[0 0 0 0 1 0 1 0 0 0 0 0 1 1 1 0 0 1 0 1 1 0]
 [1 0 0 1 1 0 1 1 0 0 0 0 1 0 0 1 1 0 0 1 1 1]
 [0 0 0 1 1 1 1 1 0 1 0 1 0 0 1 0 0 0 0 1 1 0]
 [1 1 0 0 1 0 1 0 1 1 0 0 1 0 1 0 1 0 0 1 0 0]
 [0 1 0 0 0 0 0 1 0 1 1 0 0 1 1 0 0 0 0 1 0 0]]","[[86205.78336188 94884.13106924]
 [72984.57684104 13614.20548984]
 [71422.32018647 75462.15702254]
 [30574.83994449  1998.06648385]
 [30566.31281107 63684.35190861]]"
9,19,96.3495083159647,98.84597630404677,20.10394811630249,"[[0 0 0 0 1 0 1 0 0 0 0 0 1 1 1 0 0 1 0 1 1 0]
 [1 0 0 1 1 0 1 1 0 0 0 0 1 0 0 1 1 0 0 1 1 1]
 [0 0 0 1 1 1 1 1 0 1 0 1 0 0 1 0 0 0 0 1 1 0]
 [1 1 0 0 1 0 1 0 1 1 0 0 1 0 1 0 1 0 0 1 0 0]
 [0 1 0 0 0 0 0 1 0 1 1 0 0 1 1 0 0 0 0 1 0 0]]","[[86205.78336188 94884.13106924]
 [72984.57684104 13614.20548984]
 [71422.32018647 75462.15702254]
 [30574.83994449  1998.06648385]
 [30566.31281107 63684.35190861]]"
