run,Iteration,Fitness,ExecutionTime,Discrete,Real,Accuracy
0,0,91.40808543096874,3.3996469974517822,"[1 0 0 0 0 1 0 1 0 1 1 0 1 1 0 0 0 0 0 0 1 1 0 0 0 1 0 0 1 0 1 0 0 1 0 1 1
 0 0 0 0 0 1 0 0 0 1 1 0 1 0 1 0 1 0 0 0]",[28938.15870233 63391.69385533],99.34782608695653
0,1,91.42677345537759,6.961642026901245,"[1 0 0 0 0 1 0 0 0 0 1 0 1 0 0 1 1 0 0 0 0 0 0 1 0 0 0 0 0 0 0 1 1 1 1 0 1
 0 1 0 0 0 1 0 0 1 0 1 0 0 0 1 1 1 1 0 0]",[88156.6344969   2509.77800306],99.80978260869566
0,2,91.42677345537759,10.407546997070312,"[1 0 0 0 0 1 0 0 0 0 1 0 1 0 0 1 1 0 0 0 0 0 0 1 0 0 0 0 0 0 0 1 1 1 1 0 1
 0 1 0 0 0 1 0 0 1 0 1 0 0 0 1 1 1 1 0 0]",[88156.6344969   2509.77800306],99.80978260869566
0,3,92.06331045003816,13.750365972518921,"[1 0 0 0 0 1 0 0 0 0 1 0 1 0 0 1 1 0 0 0 0 0 0 1 0 0 0 0 0 0 0 1 1 1 1 0 1
 0 1 0 0 0 1 0 0 1 0 1 0 0 0 1 1 1 1 0 0]",[88156.6344969   2509.77800306],99.72826086956522
0,4,92.06331045003816,16.998324155807495,"[1 0 0 0 0 1 0 0 0 0 1 0 1 0 0 1 1 0 0 0 0 0 0 1 0 0 0 0 0 0 0 1 1 1 1 0 1
 0 1 0 0 0 1 0 0 1 0 1 0 0 0 1 1 1 1 0 0]",[88156.6344969   2509.77800306],99.72826086956522
0,5,92.06331045003816,20.683815002441406,"[1 0 0 0 0 1 0 0 0 0 1 0 1 0 0 1 1 0 0 0 0 0 0 1 0 0 0 0 0 0 0 1 1 1 1 0 1
 0 1 0 0 0 1 0 0 1 0 1 0 0 0 1 1 1 1 0 0]",[88156.6344969   2509.77800306],99.72826086956522
0,6,92.06331045003816,23.985265016555786,"[1 0 0 0 0 1 0 0 0 0 1 0 1 0 0 1 1 0 0 0 0 0 0 1 0 0 0 0 0 0 0 1 1 1 1 0 1
 0 1 0 0 0 1 0 0 1 0 1 0 0 0 1 1 1 1 0 0]",[88156.6344969   2509.77800306],99.72826086956522
0,7,92.06331045003816,28.112828969955444,"[1 0 0 0 0 1 0 0 0 0 1 0 1 0 0 1 1 0 0 0 0 0 0 1 0 0 0 0 0 0 0 1 1 1 1 0 1
 0 1 0 0 0 1 0 0 1 0 1 0 0 0 1 1 1 1 0 0]",[88156.6344969   2509.77800306],99.72826086956522
0,8,92.06331045003816,31.31089425086975,"[1 0 0 0 0 1 0 0 0 0 1 0 1 0 0 1 1 0 0 0 0 0 0 1 0 0 0 0 0 0 0 1 1 1 1 0 1
 0 1 0 0 0 1 0 0 1 0 1 0 0 0 1 1 1 1 0 0]",[88156.6344969   2509.77800306],99.72826086956522
0,9,92.06331045003816,34.718096017837524,"[1 0 0 0 0 1 0 0 0 0 1 0 1 0 0 1 1 0 0 0 0 0 0 1 0 0 0 0 0 0 0 1 1 1 1 0 1
 0 1 0 0 0 1 0 0 1 0 1 0 0 0 1 1 1 1 0 0]",[88156.6344969   2509.77800306],99.72826086956522
0,10,92.06331045003816,38.033329010009766,"[1 0 0 0 0 1 0 0 0 0 1 0 1 0 0 1 1 0 0 0 0 0 0 1 0 0 0 0 0 0 0 1 1 1 1 0 1
 0 1 0 0 0 1 0 0 1 0 1 0 0 0 1 1 1 1 0 0]",[88156.6344969   2509.77800306],99.72826086956522
0,11,92.06331045003816,41.438570976257324,"[1 0 0 0 0 1 0 0 0 0 1 0 1 0 0 1 1 0 0 0 0 0 0 1 0 0 0 0 0 0 0 1 1 1 1 0 1
 0 1 0 0 0 1 0 0 1 0 1 0 0 0 1 1 1 1 0 0]",[88156.6344969   2509.77800306],99.72826086956522
0,12,92.06331045003816,44.50650501251221,"[1 0 0 0 0 1 0 0 0 0 1 0 1 0 0 1 1 0 0 0 0 0 0 1 0 0 0 0 0 0 0 1 1 1 1 0 1
 0 1 0 0 0 1 0 0 1 0 1 0 0 0 1 1 1 1 0 0]",[88156.6344969   2509.77800306],99.72826086956522
0,13,92.06331045003816,47.94737792015076,"[1 0 0 0 0 1 0 0 0 0 1 0 1 0 0 1 1 0 0 0 0 0 0 1 0 0 0 0 0 0 0 1 1 1 1 0 1
 0 1 0 0 0 1 0 0 1 0 1 0 0 0 1 1 1 1 0 0]",[88156.6344969   2509.77800306],99.72826086956522
0,14,92.06331045003816,51.39466404914856,"[1 0 0 0 0 1 0 0 0 0 1 0 1 0 0 1 1 0 0 0 0 0 0 1 0 0 0 0 0 0 0 1 1 1 1 0 1
 0 1 0 0 0 1 0 0 1 0 1 0 0 0 1 1 1 1 0 0]",[88156.6344969   2509.77800306],99.72826086956522
0,15,92.06331045003816,54.92240309715271,"[1 0 0 0 0 1 0 0 0 0 1 0 1 0 0 1 1 0 0 0 0 0 0 1 0 0 0 0 0 0 0 1 1 1 1 0 1
 0 1 0 0 0 1 0 0 1 0 1 0 0 0 1 1 1 1 0 0]",[88156.6344969   2509.77800306],99.72826086956522
0,16,92.06331045003816,58.42077898979187,"[1 0 0 0 0 1 0 0 0 0 1 0 1 0 0 1 1 0 0 0 0 0 0 1 0 0 0 0 0 0 0 1 1 1 1 0 1
 0 1 0 0 0 1 0 0 1 0 1 0 0 0 1 1 1 1 0 0]",[88156.6344969   2509.77800306],99.72826086956522
0,17,92.06331045003816,61.647381067276,"[1 0 0 0 0 1 0 0 0 0 1 0 1 0 0 1 1 0 0 0 0 0 0 1 0 0 0 0 0 0 0 1 1 1 1 0 1
 0 1 0 0 0 1 0 0 1 0 1 0 0 0 1 1 1 1 0 0]",[88156.6344969   2509.77800306],99.72826086956522
0,18,92.06331045003816,65.37610292434692,"[1 0 0 0 0 1 0 0 0 0 1 0 1 0 0 1 1 0 0 0 0 0 0 1 0 0 0 0 0 0 0 1 1 1 1 0 1
 0 1 0 0 0 1 0 0 1 0 1 0 0 0 1 1 1 1 0 0]",[88156.6344969   2509.77800306],99.72826086956522
0,19,92.61594202898553,68.32028913497925,"[1 0 0 0 0 1 0 0 0 0 1 0 1 0 0 1 1 0 0 0 0 0 0 1 0 0 0 0 0 0 0 1 1 1 1 0 1
 0 1 0 0 0 1 0 0 1 0 1 0 0 0 1 1 1 1 0 0]",[88156.6344969   2509.77800306],99.10326086956522
1,0,89.73112128146454,3.758751153945923,"[0 0 1 0 1 0 0 1 1 1 1 1 1 0 0 0 1 1 0 1 0 1 1 0 1 0 0 1 0 1 0 1 0 1 0 0 1
 1 1 1 1 0 1 1 1 1 0 0 0 1 1 0 0 0 0 0 1]",[38677.90395855 60484.05325965],97.69021739130434
1,1,90.40160183066362,6.9057371616363525,"[0 1 1 0 1 0 0 0 1 0 1 0 1 0 0 1 1 0 0 1 1 1 0 1 0 0 1 1 0 0 1 0 0 1 0 0 0
 0 1 0 1 0 0 1 0 0 0 0 0 0 1 0 0 0 0 0 0]",[63414.14283624  7620.33421235],95.89673913043478
1,2,91.15331807780322,10.434489011764526,"[0 0 1 0 1 0 0 1 1 1 1 1 1 0 0 0 1 1 0 1 0 1 1 0 1 0 0 1 0 1 0 1 0 1 0 0 1
 1 1 1 1 0 1 1 1 1 0 0 0 1 1 0 0 0 0 0 1]",[38677.90395855 60484.05325965],98.15217391304348
1,3,92.88291380625478,13.848948955535889,"[0 1 1 0 1 0 0 0 1 0 1 0 1 0 0 1 1 0 0 1 1 1 0 1 0 0 1 1 0 0 1 0 0 1 0 0 0
 0 1 0 1 0 0 1 0 0 0 0 0 0 1 0 0 0 0 0 0]",[63414.14283624  7620.33421235],98.55978260869566
1,4,92.88291380625478,16.912981033325195,"[0 1 1 0 1 0 0 0 1 0 1 0 1 0 0 1 1 0 0 1 1 1 0 1 0 0 1 1 0 0 1 0 0 1 0 0 0
 0 1 0 1 0 0 1 0 0 0 0 0 0 1 0 0 0 0 0 0]",[63414.14283624  7620.33421235],98.55978260869566
1,5,92.88291380625478,19.9884090423584,"[0 1 1 0 1 0 0 0 1 0 1 0 1 0 0 1 1 0 0 1 1 1 0 1 0 0 1 1 0 0 1 0 0 1 0 0 0
 0 1 0 1 0 0 1 0 0 0 0 0 0 1 0 0 0 0 0 0]",[63414.14283624  7620.33421235],98.55978260869566
1,6,92.88291380625478,22.99588108062744,"[0 1 1 0 1 0 0 0 1 0 1 0 1 0 0 1 1 0 0 1 1 1 0 1 0 0 1 1 0 0 1 0 0 1 0 0 0
 0 1 0 1 0 0 1 0 0 0 0 0 0 1 0 0 0 0 0 0]",[63414.14283624  7620.33421235],98.55978260869566
1,7,92.88291380625478,26.06454110145569,"[0 1 1 0 1 0 0 0 1 0 1 0 1 0 0 1 1 0 0 1 1 1 0 1 0 0 1 1 0 0 1 0 0 1 0 0 0
 0 1 0 1 0 0 1 0 0 0 0 0 0 1 0 0 0 0 0 0]",[63414.14283624  7620.33421235],98.55978260869566
1,8,92.88291380625478,29.21290111541748,"[0 1 1 0 1 0 0 0 1 0 1 0 1 0 0 1 1 0 0 1 1 1 0 1 0 0 1 1 0 0 1 0 0 1 0 0 0
 0 1 0 1 0 0 1 0 0 0 0 0 0 1 0 0 0 0 0 0]",[63414.14283624  7620.33421235],98.55978260869566
1,9,92.88291380625478,32.471410036087036,"[0 1 1 0 1 0 0 0 1 0 1 0 1 0 0 1 1 0 0 1 1 1 0 1 0 0 1 1 0 0 1 0 0 1 0 0 0
 0 1 0 1 0 0 1 0 0 0 0 0 0 1 0 0 0 0 0 0]",[63414.14283624  7620.33421235],98.55978260869566
1,10,92.88291380625478,35.73171019554138,"[0 1 1 0 1 0 0 0 1 0 1 0 1 0 0 1 1 0 0 1 1 1 0 1 0 0 1 1 0 0 1 0 0 1 0 0 0
 0 1 0 1 0 0 1 0 0 0 0 0 0 1 0 0 0 0 0 0]",[63414.14283624  7620.33421235],98.55978260869566
1,11,92.88291380625478,38.70503306388855,"[0 1 1 0 1 0 0 0 1 0 1 0 1 0 0 1 1 0 0 1 1 1 0 1 0 0 1 1 0 0 1 0 0 1 0 0 0
 0 1 0 1 0 0 1 0 0 0 0 0 0 1 0 0 0 0 0 0]",[63414.14283624  7620.33421235],98.55978260869566
1,12,92.88291380625478,41.8665828704834,"[0 1 1 0 1 0 0 0 1 0 1 0 1 0 0 1 1 0 0 1 1 1 0 1 0 0 1 1 0 0 1 0 0 1 0 0 0
 0 1 0 1 0 0 1 0 0 0 0 0 0 1 0 0 0 0 0 0]",[63414.14283624  7620.33421235],98.55978260869566
1,13,92.88291380625478,45.118940114974976,"[0 1 1 0 1 0 0 0 1 0 1 0 1 0 0 1 1 0 0 1 1 1 0 1 0 0 1 1 0 0 1 0 0 1 0 0 0
 0 1 0 1 0 0 1 0 0 0 0 0 0 1 0 0 0 0 0 0]",[63414.14283624  7620.33421235],98.55978260869566
1,14,92.88291380625478,47.978020906448364,"[0 1 1 0 1 0 0 0 1 0 1 0 1 0 0 1 1 0 0 1 1 1 0 1 0 0 1 1 0 0 1 0 0 1 0 0 0
 0 1 0 1 0 0 1 0 0 0 0 0 0 1 0 0 0 0 0 0]",[63414.14283624  7620.33421235],98.55978260869566
1,15,92.88291380625478,51.09546208381653,"[0 1 1 0 1 0 0 0 1 0 1 0 1 0 0 1 1 0 0 1 1 1 0 1 0 0 1 1 0 0 1 0 0 1 0 0 0
 0 1 0 1 0 0 1 0 0 0 0 0 0 1 0 0 0 0 0 0]",[63414.14283624  7620.33421235],98.55978260869566
1,16,92.88291380625478,54.132596015930176,"[0 1 1 0 1 0 0 0 1 0 1 0 1 0 0 1 1 0 0 1 1 1 0 1 0 0 1 1 0 0 1 0 0 1 0 0 0
 0 1 0 1 0 0 1 0 0 0 0 0 0 1 0 0 0 0 0 0]",[63414.14283624  7620.33421235],98.55978260869566
1,17,92.88291380625478,57.11492705345154,"[0 1 1 0 1 0 0 0 1 0 1 0 1 0 0 1 1 0 0 1 1 1 0 1 0 0 1 1 0 0 1 0 0 1 0 0 0
 0 1 0 1 0 0 1 0 0 0 0 0 0 1 0 0 0 0 0 0]",[63414.14283624  7620.33421235],98.55978260869566
1,18,92.88291380625478,59.958178997039795,"[0 1 1 0 1 0 0 0 1 0 1 0 1 0 0 1 1 0 0 1 1 1 0 1 0 0 1 1 0 0 1 0 0 1 0 0 0
 0 1 0 1 0 0 1 0 0 0 0 0 0 1 0 0 0 0 0 0]",[63414.14283624  7620.33421235],98.55978260869566
1,19,92.88291380625478,62.863242864608765,"[0 1 1 0 1 0 0 0 1 0 1 0 1 0 0 1 1 0 0 1 1 1 0 1 0 0 1 1 0 0 1 0 0 1 0 0 0
 0 1 0 1 0 0 1 0 0 0 0 0 0 1 0 0 0 0 0 0]",[63414.14283624  7620.33421235],98.55978260869566
2,0,90.86460717009916,3.4045419692993164,"[0 0 0 0 0 0 1 0 1 0 1 1 0 0 1 0 0 0 0 0 0 0 1 0 0 0 1 0 0 0 1 0 0 0 1 1 0
 1 1 0 0 0 0 0 0 0 1 1 0 0 0 0 0 0 1 1 0]",[ 5255.10971131 36177.31375815],98.66847826086956
2,1,90.86460717009916,6.572145938873291,"[0 0 0 0 0 0 1 0 1 0 1 1 0 0 1 0 0 0 0 0 0 0 1 0 0 0 1 0 0 0 1 0 0 0 1 1 0
 1 1 0 0 0 0 0 0 0 1 1 0 0 0 0 0 0 1 1 0]",[ 5255.10971131 36177.31375815],98.66847826086956
2,2,90.86460717009916,10.459245920181274,"[0 0 0 0 0 0 1 0 1 0 1 1 0 0 1 0 0 0 0 0 0 0 1 0 0 0 1 0 0 0 1 0 0 0 1 1 0
 1 1 0 0 0 0 0 0 0 1 1 0 0 0 0 0 0 1 1 0]",[ 5255.10971131 36177.31375815],98.66847826086956
2,3,92.41418764302061,13.728116989135742,"[0 0 1 1 0 1 0 0 0 1 0 1 0 0 1 0 0 0 0 1 1 1 0 1 0 1 1 0 0 1 0 1 0 1 0 0 0
 0 1 0 0 1 1 1 0 0 0 1 0 1 0 0 0 0 0 0 1]",[23245.50944874 30400.05381935],99.72826086956522
2,4,92.41418764302061,17.58791184425354,"[0 0 1 1 0 1 0 0 0 1 0 1 0 0 1 0 0 0 0 1 1 1 0 1 0 1 1 0 0 1 0 1 0 1 0 0 0
 0 1 0 0 1 1 1 0 0 0 1 0 1 0 0 0 0 0 0 1]",[23245.50944874 30400.05381935],99.72826086956522
2,5,92.41418764302061,20.945767879486084,"[0 0 1 1 0 1 0 0 0 1 0 1 0 0 1 0 0 0 0 1 1 1 0 1 0 1 1 0 0 1 0 1 0 1 0 0 0
 0 1 0 0 1 1 1 0 0 0 1 0 1 0 0 0 0 0 0 1]",[23245.50944874 30400.05381935],99.72826086956522
2,6,92.41418764302061,24.524659872055054,"[0 0 1 1 0 1 0 0 0 1 0 1 0 0 1 0 0 0 0 1 1 1 0 1 0 1 1 0 0 1 0 1 0 1 0 0 0
 0 1 0 0 1 1 1 0 0 0 1 0 1 0 0 0 0 0 0 1]",[23245.50944874 30400.05381935],99.72826086956522
2,7,92.41418764302061,28.353587865829468,"[0 0 1 1 0 1 0 0 0 1 0 1 0 0 1 0 0 0 0 1 1 1 0 1 0 1 1 0 0 1 0 1 0 1 0 0 0
 0 1 0 0 1 1 1 0 0 0 1 0 1 0 0 0 0 0 0 1]",[23245.50944874 30400.05381935],99.72826086956522
2,8,92.77421815408087,32.027976989746094,"[0 0 0 0 0 0 1 0 1 0 1 1 0 0 1 0 0 0 0 0 0 0 1 0 0 0 1 0 0 0 1 0 0 0 1 1 0
 1 1 0 0 0 0 0 0 0 1 1 0 0 0 0 0 0 1 1 0]",[ 5255.10971131 36177.31375815],98.42391304347827
2,9,92.77421815408087,35.21198105812073,"[0 0 0 0 0 0 1 0 1 0 1 1 0 0 1 0 0 0 0 0 0 0 1 0 0 0 1 0 0 0 1 0 0 0 1 1 0
 1 1 0 0 0 0 0 0 0 1 1 0 0 0 0 0 0 1 1 0]",[ 5255.10971131 36177.31375815],98.42391304347827
2,10,92.77421815408087,38.9058358669281,"[0 0 0 0 0 0 1 0 1 0 1 1 0 0 1 0 0 0 0 0 0 0 1 0 0 0 1 0 0 0 1 0 0 0 1 1 0
 1 1 0 0 0 0 0 0 0 1 1 0 0 0 0 0 0 1 1 0]",[ 5255.10971131 36177.31375815],98.42391304347827
2,11,92.77421815408087,42.13963484764099,"[0 0 0 0 0 0 1 0 1 0 1 1 0 0 1 0 0 0 0 0 0 0 1 0 0 0 1 0 0 0 1 0 0 0 1 1 0
 1 1 0 0 0 0 0 0 0 1 1 0 0 0 0 0 0 1 1 0]",[ 5255.10971131 36177.31375815],98.42391304347827
2,12,92.77421815408087,45.29121685028076,"[0 0 0 0 0 0 1 0 1 0 1 1 0 0 1 0 0 0 0 0 0 0 1 0 0 0 1 0 0 0 1 0 0 0 1 1 0
 1 1 0 0 0 0 0 0 0 1 1 0 0 0 0 0 0 1 1 0]",[ 5255.10971131 36177.31375815],98.42391304347827
2,13,92.77421815408087,48.51227378845215,"[0 0 0 0 0 0 1 0 1 0 1 1 0 0 1 0 0 0 0 0 0 0 1 0 0 0 1 0 0 0 1 0 0 0 1 1 0
 1 1 0 0 0 0 0 0 0 1 1 0 0 0 0 0 0 1 1 0]",[ 5255.10971131 36177.31375815],98.42391304347827
2,14,92.77421815408087,51.93148994445801,"[0 0 0 0 0 0 1 0 1 0 1 1 0 0 1 0 0 0 0 0 0 0 1 0 0 0 1 0 0 0 1 0 0 0 1 1 0
 1 1 0 0 0 0 0 0 0 1 1 0 0 0 0 0 0 1 1 0]",[ 5255.10971131 36177.31375815],98.42391304347827
2,15,92.77421815408087,54.96851992607117,"[0 0 0 0 0 0 1 0 1 0 1 1 0 0 1 0 0 0 0 0 0 0 1 0 0 0 1 0 0 0 1 0 0 0 1 1 0
 1 1 0 0 0 0 0 0 0 1 1 0 0 0 0 0 0 1 1 0]",[ 5255.10971131 36177.31375815],98.42391304347827
2,16,92.77421815408087,58.81106781959534,"[0 0 0 0 0 0 1 0 1 0 1 1 0 0 1 0 0 0 0 0 0 0 1 0 0 0 1 0 0 0 1 0 0 0 1 1 0
 1 1 0 0 0 0 0 0 0 1 1 0 0 0 0 0 0 1 1 0]",[ 5255.10971131 36177.31375815],98.42391304347827
2,17,92.77421815408087,61.88628673553467,"[0 0 0 0 0 0 1 0 1 0 1 1 0 0 1 0 0 0 0 0 0 0 1 0 0 0 1 0 0 0 1 0 0 0 1 1 0
 1 1 0 0 0 0 0 0 0 1 1 0 0 0 0 0 0 1 1 0]",[ 5255.10971131 36177.31375815],98.42391304347827
2,18,92.77421815408087,65.30871987342834,"[0 0 0 0 0 0 1 0 1 0 1 1 0 0 1 0 0 0 0 0 0 0 1 0 0 0 1 0 0 0 1 0 0 0 1 1 0
 1 1 0 0 0 0 0 0 0 1 1 0 0 0 0 0 0 1 1 0]",[ 5255.10971131 36177.31375815],98.42391304347827
2,19,92.77421815408087,68.31032586097717,"[0 0 0 0 0 0 1 0 1 0 1 1 0 0 1 0 0 0 0 0 0 0 1 0 0 0 1 0 0 0 1 0 0 0 1 1 0
 1 1 0 0 0 0 0 0 0 1 1 0 0 0 0 0 0 1 1 0]",[ 5255.10971131 36177.31375815],98.42391304347827
3,0,91.03241800152557,3.3513882160186768,"[0 0 1 1 0 1 1 1 1 1 0 1 0 1 0 1 0 1 1 0 1 0 1 1 1 0 0 1 0 0 0 0 1 0 0 1 0
 0 0 1 0 1 0 1 0 1 1 0 0 0 1 1 0 1 1 0 0]",[91770.11525845 37086.88939447],99.7554347826087
3,1,91.03241800152557,6.46302604675293,"[0 0 1 1 0 1 1 1 1 1 0 1 0 1 0 1 0 1 1 0 1 0 1 1 1 0 0 1 0 0 0 0 1 0 0 1 0
 0 0 1 0 1 0 1 0 1 1 0 0 0 1 1 0 1 1 0 0]",[91770.11525845 37086.88939447],99.7554347826087
3,2,91.03241800152557,9.818076133728027,"[0 0 1 1 0 1 1 1 1 1 0 1 0 1 0 1 0 1 1 0 1 0 1 1 1 0 0 1 0 0 0 0 1 0 0 1 0
 0 0 1 0 1 0 1 0 1 1 0 0 0 1 1 0 1 1 0 0]",[91770.11525845 37086.88939447],99.7554347826087
3,3,91.07894736842105,12.907973051071167,"[0 1 1 0 0 1 1 1 0 1 0 0 1 0 0 1 0 1 0 1 0 0 0 0 0 0 0 1 0 0 0 1 0 1 1 0 1
 1 0 0 0 0 0 1 0 1 1 1 1 1 0 1 0 1 1 1 1]",[94324.3135645  14218.51303135],99.375
3,4,91.07894736842105,16.072477102279663,"[0 1 1 0 0 1 1 1 0 1 0 0 1 0 0 1 0 1 0 1 0 0 0 0 0 0 0 1 0 0 0 1 0 1 1 0 1
 1 0 0 0 0 0 1 0 1 1 1 1 1 0 1 0 1 1 1 1]",[94324.3135645  14218.51303135],99.375
3,5,91.12242562929062,19.07090926170349,"[0 1 1 0 0 1 1 1 0 1 0 0 1 0 0 1 0 1 0 1 0 0 0 0 0 0 0 1 0 0 0 1 0 1 1 0 1
 1 0 0 0 0 0 1 0 1 1 1 1 1 0 1 0 1 1 1 1]",[94324.3135645  14218.51303135],99.42934782608695
3,6,91.12242562929062,21.949794054031372,"[0 1 1 0 0 1 1 1 0 1 0 0 1 0 0 1 0 1 0 1 0 0 0 0 0 0 0 1 0 0 0 1 0 1 1 0 1
 1 0 0 0 0 0 1 0 1 1 1 1 1 0 1 0 1 1 1 1]",[94324.3135645  14218.51303135],99.42934782608695
3,7,91.12242562929062,25.0264790058136,"[0 1 1 0 0 1 1 1 0 1 0 0 1 0 0 1 0 1 0 1 0 0 0 0 0 0 0 1 0 0 0 1 0 1 1 0 1
 1 0 0 0 0 0 1 0 1 1 1 1 1 0 1 0 1 1 1 1]",[94324.3135645  14218.51303135],99.42934782608695
3,8,91.12242562929062,27.91303014755249,"[0 1 1 0 0 1 1 1 0 1 0 0 1 0 0 1 0 1 0 1 0 0 0 0 0 0 0 1 0 0 0 1 0 1 1 0 1
 1 0 0 0 0 0 1 0 1 1 1 1 1 0 1 0 1 1 1 1]",[94324.3135645  14218.51303135],99.42934782608695
3,9,91.12242562929062,30.845436096191406,"[0 1 1 0 0 1 1 1 0 1 0 0 1 0 0 1 0 1 0 1 0 0 0 0 0 0 0 1 0 0 0 1 0 1 1 0 1
 1 0 0 0 0 0 1 0 1 1 1 1 1 0 1 0 1 1 1 1]",[94324.3135645  14218.51303135],99.42934782608695
3,10,91.12242562929062,33.927743911743164,"[0 1 1 0 0 1 1 1 0 1 0 0 1 0 0 1 0 1 0 1 0 0 0 0 0 0 0 1 0 0 0 1 0 1 1 0 1
 1 0 0 0 0 0 1 0 1 1 1 1 1 0 1 0 1 1 1 1]",[94324.3135645  14218.51303135],99.42934782608695
3,11,91.33981693363845,37.085063219070435,"[0 1 1 0 0 1 1 1 0 1 0 0 1 0 0 1 0 1 0 1 0 0 0 0 0 0 0 1 0 0 0 1 0 1 1 0 1
 1 0 0 0 0 0 1 0 1 1 1 1 1 0 1 0 1 1 1 1]",[94324.3135645  14218.51303135],99.70108695652173
3,12,91.8676582761251,40.46661400794983,"[0 1 0 1 1 1 0 1 0 1 0 1 1 0 1 1 1 1 0 1 1 0 1 0 0 0 0 1 0 0 0 1 0 1 1 1 1
 0 0 1 1 0 1 1 0 1 1 1 1 1 1 0 1 1 1 1 1]",[21968.49879311 72056.41567486],99.4836956521739
3,13,92.21853546910755,43.610899925231934,"[0 0 1 1 0 1 1 1 1 1 0 1 0 1 0 1 0 1 1 0 1 0 1 1 1 0 0 1 0 0 0 0 1 0 0 1 0
 0 0 1 0 1 0 1 0 1 1 0 0 0 1 1 0 1 1 0 0]",[91770.11525845 37086.88939447],99.4836956521739
3,14,92.21853546910755,46.475691080093384,"[0 0 1 1 0 1 1 1 1 1 0 1 0 1 0 1 0 1 1 0 1 0 1 1 1 0 0 1 0 0 0 0 1 0 0 1 0
 0 0 1 0 1 0 1 0 1 1 0 0 0 1 1 0 1 1 0 0]",[91770.11525845 37086.88939447],99.4836956521739
3,15,92.21853546910755,49.86766195297241,"[0 0 1 1 0 1 1 1 1 1 0 1 0 1 0 1 0 1 1 0 1 0 1 1 1 0 0 1 0 0 0 0 1 0 0 1 0
 0 0 1 0 1 0 1 0 1 1 0 0 0 1 1 0 1 1 0 0]",[91770.11525845 37086.88939447],99.4836956521739
3,16,92.21853546910755,53.017549991607666,"[0 0 1 1 0 1 1 1 1 1 0 1 0 1 0 1 0 1 1 0 1 0 1 1 1 0 0 1 0 0 0 0 1 0 0 1 0
 0 0 1 0 1 0 1 0 1 1 0 0 0 1 1 0 1 1 0 0]",[91770.11525845 37086.88939447],99.4836956521739
3,17,92.21853546910755,56.39686107635498,"[0 0 1 1 0 1 1 1 1 1 0 1 0 1 0 1 0 1 1 0 1 0 1 1 1 0 0 1 0 0 0 0 1 0 0 1 0
 0 0 1 0 1 0 1 0 1 1 0 0 0 1 1 0 1 1 0 0]",[91770.11525845 37086.88939447],99.4836956521739
3,18,92.21853546910755,59.51784014701843,"[0 0 1 1 0 1 1 1 1 1 0 1 0 1 0 1 0 1 1 0 1 0 1 1 1 0 0 1 0 0 0 0 1 0 0 1 0
 0 0 1 0 1 0 1 0 1 1 0 0 0 1 1 0 1 1 0 0]",[91770.11525845 37086.88939447],99.4836956521739
3,19,92.21853546910755,62.871334075927734,"[0 0 1 1 0 1 1 1 1 1 0 1 0 1 0 1 0 1 1 0 1 0 1 1 1 0 0 1 0 0 0 0 1 0 0 1 0
 0 0 1 0 1 0 1 0 1 1 0 0 0 1 1 0 1 1 0 0]",[91770.11525845 37086.88939447],99.4836956521739
4,0,90.98893974065598,3.4179348945617676,"[1 0 0 1 1 1 0 0 1 0 1 0 1 0 1 0 0 1 0 1 0 0 0 1 1 0 0 1 1 1 1 0 1 1 0 1 1
 0 0 1 1 0 0 0 1 1 1 0 1 0 0 0 0 1 1 1 0]",[89025.09022872 88971.47939197],99.70108695652173
4,1,92.87986270022886,6.831646919250488,"[1 0 0 0 1 1 0 1 0 0 1 0 1 0 0 1 0 1 0 0 1 1 0 0 1 0 0 1 1 0 1 0 1 0 0 0 0
 0 0 1 1 0 1 0 1 0 1 1 1 1 1 0 1 1 0 1 0]",[60642.86866666 84988.01507429],98.99456521739131
4,2,92.87986270022886,10.37605595588684,"[1 0 0 0 1 1 0 1 0 0 1 0 1 0 0 1 0 1 0 0 1 1 0 0 1 0 0 1 1 0 1 0 1 0 0 0 0
 0 0 1 1 0 1 0 1 0 1 1 1 1 1 0 1 1 0 1 0]",[60642.86866666 84988.01507429],98.99456521739131
4,3,92.87986270022886,13.781555891036987,"[1 0 0 0 1 1 0 1 0 0 1 0 1 0 0 1 0 1 0 0 1 1 0 0 1 0 0 1 1 0 1 0 1 0 0 0 0
 0 0 1 1 0 1 0 1 0 1 1 1 1 1 0 1 1 0 1 0]",[60642.86866666 84988.01507429],98.99456521739131
4,4,92.87986270022886,17.31383490562439,"[1 0 0 0 1 1 0 1 0 0 1 0 1 0 0 1 0 1 0 0 1 1 0 0 1 0 0 1 1 0 1 0 1 0 0 0 0
 0 0 1 1 0 1 0 1 0 1 1 1 1 1 0 1 1 0 1 0]",[60642.86866666 84988.01507429],98.99456521739131
4,5,92.87986270022886,20.538387775421143,"[1 0 0 0 1 1 0 1 0 0 1 0 1 0 0 1 0 1 0 0 1 1 0 0 1 0 0 1 1 0 1 0 1 0 0 0 0
 0 0 1 1 0 1 0 1 0 1 1 1 1 1 0 1 1 0 1 0]",[60642.86866666 84988.01507429],98.99456521739131
4,6,92.87986270022886,23.766011714935303,"[1 0 0 0 1 1 0 1 0 0 1 0 1 0 0 1 0 1 0 0 1 1 0 0 1 0 0 1 1 0 1 0 1 0 0 0 0
 0 0 1 1 0 1 0 1 0 1 1 1 1 1 0 1 1 0 1 0]",[60642.86866666 84988.01507429],98.99456521739131
4,7,92.87986270022886,27.074023723602295,"[1 0 0 0 1 1 0 1 0 0 1 0 1 0 0 1 0 1 0 0 1 1 0 0 1 0 0 1 1 0 1 0 1 0 0 0 0
 0 0 1 1 0 1 0 1 0 1 1 1 1 1 0 1 1 0 1 0]",[60642.86866666 84988.01507429],98.99456521739131
4,8,92.87986270022886,30.382543087005615,"[1 0 0 0 1 1 0 1 0 0 1 0 1 0 0 1 0 1 0 0 1 1 0 0 1 0 0 1 1 0 1 0 1 0 0 0 0
 0 0 1 1 0 1 0 1 0 1 1 1 1 1 0 1 1 0 1 0]",[60642.86866666 84988.01507429],98.99456521739131
4,9,92.87986270022886,33.92222309112549,"[1 0 0 0 1 1 0 1 0 0 1 0 1 0 0 1 0 1 0 0 1 1 0 0 1 0 0 1 1 0 1 0 1 0 0 0 0
 0 0 1 1 0 1 0 1 0 1 1 1 1 1 0 1 1 0 1 0]",[60642.86866666 84988.01507429],98.99456521739131
4,10,92.87986270022886,37.06853485107422,"[1 0 0 0 1 1 0 1 0 0 1 0 1 0 0 1 0 1 0 0 1 1 0 0 1 0 0 1 1 0 1 0 1 0 0 0 0
 0 0 1 1 0 1 0 1 0 1 1 1 1 1 0 1 1 0 1 0]",[60642.86866666 84988.01507429],98.99456521739131
4,11,92.87986270022886,40.50612497329712,"[1 0 0 0 1 1 0 1 0 0 1 0 1 0 0 1 0 1 0 0 1 1 0 0 1 0 0 1 1 0 1 0 1 0 0 0 0
 0 0 1 1 0 1 0 1 0 1 1 1 1 1 0 1 1 0 1 0]",[60642.86866666 84988.01507429],98.99456521739131
4,12,92.87986270022886,43.721171855926514,"[1 0 0 0 1 1 0 1 0 0 1 0 1 0 0 1 0 1 0 0 1 1 0 0 1 0 0 1 1 0 1 0 1 0 0 0 0
 0 0 1 1 0 1 0 1 0 1 1 1 1 1 0 1 1 0 1 0]",[60642.86866666 84988.01507429],98.99456521739131
4,13,92.87986270022886,46.8608660697937,"[1 0 0 0 1 1 0 1 0 0 1 0 1 0 0 1 0 1 0 0 1 1 0 0 1 0 0 1 1 0 1 0 1 0 0 0 0
 0 0 1 1 0 1 0 1 0 1 1 1 1 1 0 1 1 0 1 0]",[60642.86866666 84988.01507429],98.99456521739131
4,14,92.87986270022886,49.908570766448975,"[1 0 0 0 1 1 0 1 0 0 1 0 1 0 0 1 0 1 0 0 1 1 0 0 1 0 0 1 1 0 1 0 1 0 0 0 0
 0 0 1 1 0 1 0 1 0 1 1 1 1 1 0 1 1 0 1 0]",[60642.86866666 84988.01507429],98.99456521739131
4,15,92.87986270022886,53.01638984680176,"[1 0 0 0 1 1 0 1 0 0 1 0 1 0 0 1 0 1 0 0 1 1 0 0 1 0 0 1 1 0 1 0 1 0 0 0 0
 0 0 1 1 0 1 0 1 0 1 1 1 1 1 0 1 1 0 1 0]",[60642.86866666 84988.01507429],98.99456521739131
4,16,92.87986270022886,56.71369290351868,"[1 0 0 0 1 1 0 1 0 0 1 0 1 0 0 1 0 1 0 0 1 1 0 0 1 0 0 1 1 0 1 0 1 0 0 0 0
 0 0 1 1 0 1 0 1 0 1 1 1 1 1 0 1 1 0 1 0]",[60642.86866666 84988.01507429],98.99456521739131
4,17,92.87986270022886,59.58650183677673,"[1 0 0 0 1 1 0 1 0 0 1 0 1 0 0 1 0 1 0 0 1 1 0 0 1 0 0 1 1 0 1 0 1 0 0 0 0
 0 0 1 1 0 1 0 1 0 1 1 1 1 1 0 1 1 0 1 0]",[60642.86866666 84988.01507429],98.99456521739131
4,18,92.87986270022886,62.72996282577515,"[1 0 0 0 1 1 0 1 0 0 1 0 1 0 0 1 0 1 0 0 1 1 0 0 1 0 0 1 1 0 1 0 1 0 0 0 0
 0 0 1 1 0 1 0 1 0 1 1 1 1 1 0 1 1 0 1 0]",[60642.86866666 84988.01507429],98.99456521739131
4,19,92.87986270022886,65.60939383506775,"[1 0 0 0 1 1 0 1 0 0 1 0 1 0 0 1 0 1 0 0 1 1 0 0 1 0 0 1 1 0 1 0 1 0 0 0 0
 0 0 1 1 0 1 0 1 0 1 1 1 1 1 0 1 1 0 1 0]",[60642.86866666 84988.01507429],98.99456521739131
5,0,90.5511060259344,3.6954309940338135,"[1 0 0 1 1 0 0 0 1 1 0 0 0 0 1 0 0 1 1 0 0 1 0 0 0 1 0 0 1 0 1 0 0 0 0 0 1
 0 1 1 0 0 0 1 1 1 1 0 0 1 0 0 0 1 1 1 0]",[66219.7275554  77473.10480567],99.59239130434783
5,1,91.14111365369948,7.033354043960571,"[1 1 0 1 0 0 0 0 1 1 1 0 1 0 1 0 1 0 1 0 0 1 0 0 1 1 0 1 1 1 1 1 0 0 1 0 1
 1 1 0 0 1 0 0 1 0 1 1 1 0 0 1 0 0 0 0 0]",[95390.01892743 81559.27984227],99.89130434782608
5,2,91.14111365369948,10.911817073822021,"[1 1 0 1 0 0 0 0 1 1 1 0 1 0 1 0 1 0 1 0 0 1 0 0 1 1 0 1 1 1 1 1 0 0 1 0 1
 1 1 0 0 1 0 0 1 0 1 1 1 0 0 1 0 0 0 0 0]",[95390.01892743 81559.27984227],99.89130434782608
5,3,91.14111365369948,14.409671068191528,"[1 1 0 1 0 0 0 0 1 1 1 0 1 0 1 0 1 0 1 0 0 1 0 0 1 1 0 1 1 1 1 1 0 0 1 0 1
 1 1 0 0 1 0 0 1 0 1 1 1 0 0 1 0 0 0 0 0]",[95390.01892743 81559.27984227],99.89130434782608
5,4,91.69374523264685,17.977169036865234,"[1 0 0 1 1 0 0 0 1 1 0 0 0 0 1 0 0 1 1 0 0 1 0 0 0 1 0 0 1 0 1 0 0 0 0 0 1
 0 1 1 0 0 0 1 1 1 1 0 0 1 0 0 0 1 1 1 0]",[66219.7275554  77473.10480567],99.26630434782608
5,5,91.69374523264685,21.702069997787476,"[1 0 0 1 1 0 0 0 1 1 0 0 0 0 1 0 0 1 1 0 0 1 0 0 0 1 0 0 1 0 1 0 0 0 0 0 1
 0 1 1 0 0 0 1 1 1 1 0 0 1 0 0 0 1 1 1 0]",[66219.7275554  77473.10480567],99.26630434782608
5,6,92.06941266209,24.870263814926147,"[1 0 0 1 1 0 0 0 1 1 0 0 0 0 1 0 0 1 1 0 0 1 0 0 0 1 0 0 1 0 1 0 0 0 0 0 1
 0 1 1 0 0 0 1 1 1 1 0 0 1 0 0 0 1 1 1 0]",[66219.7275554  77473.10480567],98.8586956521739
5,7,92.06941266209,28.015511751174927,"[1 0 0 1 1 0 0 0 1 1 0 0 0 0 1 0 0 1 1 0 0 1 0 0 0 1 0 0 1 0 1 0 0 0 0 0 1
 0 1 1 0 0 0 1 1 1 1 0 0 1 0 0 0 1 1 1 0]",[66219.7275554  77473.10480567],98.8586956521739
5,8,92.1842105263158,31.41670513153076,"[1 0 0 1 1 0 0 0 1 1 0 0 0 0 1 0 0 1 1 0 0 1 0 0 0 1 0 0 1 0 1 0 0 0 0 0 1
 0 1 1 0 0 0 1 1 1 1 0 0 1 0 0 0 1 1 1 0]",[66219.7275554  77473.10480567],98.125
5,9,92.1842105263158,34.98605179786682,"[1 0 0 1 1 0 0 0 1 1 0 0 0 0 1 0 0 1 1 0 0 1 0 0 0 1 0 0 1 0 1 0 0 0 0 0 1
 0 1 1 0 0 0 1 1 1 1 0 0 1 0 0 0 1 1 1 0]",[66219.7275554  77473.10480567],98.125
5,10,92.1842105263158,38.68882203102112,"[1 0 0 1 1 0 0 0 1 1 0 0 0 0 1 0 0 1 1 0 0 1 0 0 0 1 0 0 1 0 1 0 0 0 0 0 1
 0 1 1 0 0 0 1 1 1 1 0 0 1 0 0 0 1 1 1 0]",[66219.7275554  77473.10480567],98.125
5,11,92.1842105263158,42.52846384048462,"[1 0 0 1 1 0 0 0 1 1 0 0 0 0 1 0 0 1 1 0 0 1 0 0 0 1 0 0 1 0 1 0 0 0 0 0 1
 0 1 1 0 0 0 1 1 1 1 0 0 1 0 0 0 1 1 1 0]",[66219.7275554  77473.10480567],98.125
5,12,92.1842105263158,46.2636821269989,"[1 0 0 1 1 0 0 0 1 1 0 0 0 0 1 0 0 1 1 0 0 1 0 0 0 1 0 0 1 0 1 0 0 0 0 0 1
 0 1 1 0 0 0 1 1 1 1 0 0 1 0 0 0 1 1 1 0]",[66219.7275554  77473.10480567],98.125
5,13,92.1842105263158,49.7545690536499,"[1 0 0 1 1 0 0 0 1 1 0 0 0 0 1 0 0 1 1 0 0 1 0 0 0 1 0 0 1 0 1 0 0 0 0 0 1
 0 1 1 0 0 0 1 1 1 1 0 0 1 0 0 0 1 1 1 0]",[66219.7275554  77473.10480567],98.125
5,14,92.1842105263158,52.950698137283325,"[1 0 0 1 1 0 0 0 1 1 0 0 0 0 1 0 0 1 1 0 0 1 0 0 0 1 0 0 1 0 1 0 0 0 0 0 1
 0 1 1 0 0 0 1 1 1 1 0 0 1 0 0 0 1 1 1 0]",[66219.7275554  77473.10480567],98.125
5,15,92.1842105263158,56.26526117324829,"[1 0 0 1 1 0 0 0 1 1 0 0 0 0 1 0 0 1 1 0 0 1 0 0 0 1 0 0 1 0 1 0 0 0 0 0 1
 0 1 1 0 0 0 1 1 1 1 0 0 1 0 0 0 1 1 1 0]",[66219.7275554  77473.10480567],98.125
5,16,92.1842105263158,59.60212993621826,"[1 0 0 1 1 0 0 0 1 1 0 0 0 0 1 0 0 1 1 0 0 1 0 0 0 1 0 0 1 0 1 0 0 0 0 0 1
 0 1 1 0 0 0 1 1 1 1 0 0 1 0 0 0 1 1 1 0]",[66219.7275554  77473.10480567],98.125
5,17,92.1842105263158,62.86100101470947,"[1 0 0 1 1 0 0 0 1 1 0 0 0 0 1 0 0 1 1 0 0 1 0 0 0 1 0 0 1 0 1 0 0 0 0 0 1
 0 1 1 0 0 0 1 1 1 1 0 0 1 0 0 0 1 1 1 0]",[66219.7275554  77473.10480567],98.125
5,18,92.76506483600306,66.2123589515686,"[1 0 1 1 0 1 0 0 1 1 0 0 0 0 0 1 0 0 1 0 1 1 0 0 0 1 0 1 1 0 1 0 0 0 0 0 0
 0 1 0 0 0 0 1 0 0 1 0 1 0 1 0 0 0 0 0 0]",[38787.38437317 71758.10765706],99.72826086956522
5,19,93.75247902364607,69.12137389183044,"[0 1 0 1 1 0 0 0 0 1 0 0 0 0 1 1 0 0 1 0 1 0 0 0 0 0 0 0 0 0 1 0 0 0 0 0 0
 0 1 0 1 1 0 0 0 0 1 0 0 0 0 0 1 1 1 1 0]",[69993.69088165 85107.30007479],99.64673913043478
6,0,90.79328756674295,3.4586849212646484,"[0 1 1 1 1 0 0 0 0 0 1 0 1 1 0 0 0 1 1 1 1 1 0 0 1 1 1 0 1 0 1 1 1 1 1 0 1
 1 0 0 0 0 0 0 1 1 0 0 1 1 1 0 1 0 0 1 0]",[56187.12638014  9705.62642657],99.45652173913044
6,1,91.43287566742947,6.604959964752197,"[1 1 1 0 0 1 0 0 1 1 1 0 1 1 0 1 1 1 1 0 1 1 0 0 0 0 1 0 1 0 1 0 1 1 0 1 1
 1 0 0 1 0 1 0 0 0 1 1 1 0 1 0 0 0 0 1 0]",[11942.26562693 13646.94070526],98.94021739130436
6,2,91.6906941266209,10.252386808395386,"[0 1 1 1 1 0 0 0 0 0 1 0 1 1 0 0 0 1 1 1 1 1 0 0 1 1 1 0 1 0 1 1 1 1 1 0 1
 1 0 0 0 0 0 0 1 1 0 0 1 1 1 0 1 0 0 1 0]",[56187.12638014  9705.62642657],99.70108695652173
6,3,91.82418001525554,13.449022054672241,"[1 1 1 0 0 1 0 0 1 1 1 0 1 1 0 1 1 1 1 0 1 1 0 0 0 0 1 0 1 0 1 0 1 1 0 1 1
 1 0 0 1 0 1 0 0 0 1 1 1 0 1 0 0 0 0 1 0]",[11942.26562693 13646.94070526],99.42934782608695
6,4,91.82418001525554,16.6026029586792,"[1 1 1 0 0 1 0 0 1 1 1 0 1 1 0 1 1 1 1 0 1 1 0 0 0 0 1 0 1 0 1 0 1 1 0 1 1
 1 0 0 1 0 1 0 0 0 1 1 1 0 1 0 0 0 0 1 0]",[11942.26562693 13646.94070526],99.42934782608695
6,5,91.82418001525554,19.850100994110107,"[1 1 1 0 0 1 0 0 1 1 1 0 1 1 0 1 1 1 1 0 1 1 0 0 0 0 1 0 1 0 1 0 1 1 0 1 1
 1 0 0 1 0 1 0 0 0 1 1 1 0 1 0 0 0 0 1 0]",[11942.26562693 13646.94070526],99.42934782608695
6,6,91.82418001525554,22.976594924926758,"[1 1 1 0 0 1 0 0 1 1 1 0 1 1 0 1 1 1 1 0 1 1 0 0 0 0 1 0 1 0 1 0 1 1 0 1 1
 1 0 0 1 0 1 0 0 0 1 1 1 0 1 0 0 0 0 1 0]",[11942.26562693 13646.94070526],99.42934782608695
6,7,91.82418001525554,26.19532799720764,"[1 1 1 0 0 1 0 0 1 1 1 0 1 1 0 1 1 1 1 0 1 1 0 0 0 0 1 0 1 0 1 0 1 1 0 1 1
 1 0 0 1 0 1 0 0 0 1 1 1 0 1 0 0 0 0 1 0]",[11942.26562693 13646.94070526],99.42934782608695
6,8,91.82418001525554,29.591305017471313,"[1 1 1 0 0 1 0 0 1 1 1 0 1 1 0 1 1 1 1 0 1 1 0 0 0 0 1 0 1 0 1 0 1 1 0 1 1
 1 0 0 1 0 1 0 0 0 1 1 1 0 1 0 0 0 0 1 0]",[11942.26562693 13646.94070526],99.42934782608695
6,9,92.37070938215103,32.62191700935364,"[1 1 1 0 0 1 0 0 1 1 1 0 1 1 0 1 1 1 1 0 1 1 0 0 0 0 1 0 1 0 1 0 1 1 0 1 1
 1 0 0 1 0 1 0 0 0 1 1 1 0 1 0 0 0 0 1 0]",[11942.26562693 13646.94070526],99.67391304347825
6,10,92.37070938215103,35.73750901222229,"[1 1 1 0 0 1 0 0 1 1 1 0 1 1 0 1 1 1 1 0 1 1 0 0 0 0 1 0 1 0 1 0 1 1 0 1 1
 1 0 0 1 0 1 0 0 0 1 1 1 0 1 0 0 0 0 1 0]",[11942.26562693 13646.94070526],99.67391304347825
6,11,92.37070938215103,39.06364703178406,"[1 1 1 0 0 1 0 0 1 1 1 0 1 1 0 1 1 1 1 0 1 1 0 0 0 0 1 0 1 0 1 0 1 1 0 1 1
 1 0 0 1 0 1 0 0 0 1 1 1 0 1 0 0 0 0 1 0]",[11942.26562693 13646.94070526],99.67391304347825
6,12,92.37070938215103,42.20987915992737,"[1 1 1 0 0 1 0 0 1 1 1 0 1 1 0 1 1 1 1 0 1 1 0 0 0 0 1 0 1 0 1 0 1 1 0 1 1
 1 0 0 1 0 1 0 0 0 1 1 1 0 1 0 0 0 0 1 0]",[11942.26562693 13646.94070526],99.67391304347825
6,13,92.37070938215103,45.48867392539978,"[1 1 1 0 0 1 0 0 1 1 1 0 1 1 0 1 1 1 1 0 1 1 0 0 0 0 1 0 1 0 1 0 1 1 0 1 1
 1 0 0 1 0 1 0 0 0 1 1 1 0 1 0 0 0 0 1 0]",[11942.26562693 13646.94070526],99.67391304347825
6,14,92.37070938215103,49.234066009521484,"[1 1 1 0 0 1 0 0 1 1 1 0 1 1 0 1 1 1 1 0 1 1 0 0 0 0 1 0 1 0 1 0 1 1 0 1 1
 1 0 0 1 0 1 0 0 0 1 1 1 0 1 0 0 0 0 1 0]",[11942.26562693 13646.94070526],99.67391304347825
6,15,92.37070938215103,52.250133991241455,"[1 1 1 0 0 1 0 0 1 1 1 0 1 1 0 1 1 1 1 0 1 1 0 0 0 0 1 0 1 0 1 0 1 1 0 1 1
 1 0 0 1 0 1 0 0 0 1 1 1 0 1 0 0 0 0 1 0]",[11942.26562693 13646.94070526],99.67391304347825
6,16,92.37070938215103,55.17120289802551,"[1 1 1 0 0 1 0 0 1 1 1 0 1 1 0 1 1 1 1 0 1 1 0 0 0 0 1 0 1 0 1 0 1 1 0 1 1
 1 0 0 1 0 1 0 0 0 1 1 1 0 1 0 0 0 0 1 0]",[11942.26562693 13646.94070526],99.67391304347825
6,17,92.37070938215103,58.390244007110596,"[1 1 1 0 0 1 0 0 1 1 1 0 1 1 0 1 1 1 1 0 1 1 0 0 0 0 1 0 1 0 1 0 1 1 0 1 1
 1 0 0 1 0 1 0 0 0 1 1 1 0 1 0 0 0 0 1 0]",[11942.26562693 13646.94070526],99.67391304347825
6,18,92.37070938215103,61.267374992370605,"[1 1 1 0 0 1 0 0 1 1 1 0 1 1 0 1 1 1 1 0 1 1 0 0 0 0 1 0 1 0 1 0 1 1 0 1 1
 1 0 0 1 0 1 0 0 0 1 1 1 0 1 0 0 0 0 1 0]",[11942.26562693 13646.94070526],99.67391304347825
6,19,92.37070938215103,64.38219285011292,"[1 1 1 0 0 1 0 0 1 1 1 0 1 1 0 1 1 1 1 0 1 1 0 0 0 0 1 0 1 0 1 0 1 1 0 1 1
 1 0 0 1 0 1 0 0 0 1 1 1 0 1 0 0 0 0 1 0]",[11942.26562693 13646.94070526],99.67391304347825
7,0,90.90198321891685,3.645840883255005,"[1 0 0 1 0 0 1 1 0 0 1 1 0 1 0 1 1 1 0 1 0 0 1 0 1 0 0 1 1 0 0 0 0 1 0 0 0
 0 0 1 0 0 1 0 1 0 0 1 1 0 0 1 1 0 0 1 1]",[74812.09013137 61680.85026702],99.59239130434783
7,1,90.90198321891685,6.836751937866211,"[1 0 0 1 0 0 1 1 0 0 1 1 0 1 0 1 1 1 0 1 0 0 1 0 1 0 0 1 1 0 0 0 0 1 0 0 0
 0 0 1 0 0 1 0 1 0 0 1 1 0 0 1 1 0 0 1 1]",[74812.09013137 61680.85026702],99.59239130434783
7,2,90.90198321891685,10.244102954864502,"[1 0 0 1 0 0 1 1 0 0 1 1 0 1 0 1 1 1 0 1 0 0 1 0 1 0 0 1 1 0 0 0 0 1 0 0 0
 0 0 1 0 0 1 0 1 0 0 1 1 0 0 1 1 0 0 1 1]",[74812.09013137 61680.85026702],99.59239130434783
7,3,90.90198321891685,13.392435073852539,"[1 0 0 1 0 0 1 1 0 0 1 1 0 1 0 1 1 1 0 1 0 0 1 0 1 0 0 1 1 0 0 0 0 1 0 0 0
 0 0 1 0 0 1 0 1 0 0 1 1 0 0 1 1 0 0 1 1]",[74812.09013137 61680.85026702],99.59239130434783
7,4,91.29633867276888,16.66729211807251,"[1 1 1 1 1 0 1 1 0 0 0 1 0 1 1 0 1 0 0 0 0 0 1 0 1 0 0 1 1 1 1 1 0 1 1 0 1
 1 0 0 0 1 1 0 0 0 0 1 0 0 0 1 1 0 0 1 1]",[87305.57611626 49585.58236446],99.64673913043478
7,5,91.29633867276888,19.803406953811646,"[1 1 1 1 1 0 1 1 0 0 0 1 0 1 1 0 1 0 0 0 0 0 1 0 1 0 0 1 1 1 1 1 0 1 1 0 1
 1 0 0 0 1 1 0 0 0 0 1 0 0 0 1 1 0 0 1 1]",[87305.57611626 49585.58236446],99.64673913043478
7,6,91.29633867276888,23.029365062713623,"[1 1 1 1 1 0 1 1 0 0 0 1 0 1 1 0 1 0 0 0 0 0 1 0 1 0 0 1 1 1 1 1 0 1 1 0 1
 1 0 0 0 1 1 0 0 0 0 1 0 0 0 1 1 0 0 1 1]",[87305.57611626 49585.58236446],99.64673913043478
7,7,91.29633867276888,26.617827892303467,"[1 1 1 1 1 0 1 1 0 0 0 1 0 1 1 0 1 0 0 0 0 0 1 0 1 0 0 1 1 1 1 1 0 1 1 0 1
 1 0 0 0 1 1 0 0 0 0 1 0 0 0 1 1 0 0 1 1]",[87305.57611626 49585.58236446],99.64673913043478
7,8,91.34591914569032,30.01323914527893,"[1 1 1 1 1 0 1 1 0 0 0 1 0 1 1 0 1 0 0 0 0 0 1 0 1 0 0 1 1 1 1 1 0 1 1 0 1
 1 0 0 0 1 1 0 0 0 0 1 0 0 0 1 1 0 0 1 1]",[87305.57611626 49585.58236446],98.83152173913044
7,9,91.34591914569032,33.45219111442566,"[1 1 1 1 1 0 1 1 0 0 0 1 0 1 1 0 1 0 0 0 0 0 1 0 1 0 0 1 1 1 1 1 0 1 1 0 1
 1 0 0 0 1 1 0 0 0 0 1 0 0 0 1 1 0 0 1 1]",[87305.57611626 49585.58236446],98.83152173913044
7,10,91.34591914569032,37.06868004798889,"[1 1 1 1 1 0 1 1 0 0 0 1 0 1 1 0 1 0 0 0 0 0 1 0 1 0 0 1 1 1 1 1 0 1 1 0 1
 1 0 0 0 1 1 0 0 0 0 1 0 0 0 1 1 0 0 1 1]",[87305.57611626 49585.58236446],98.83152173913044
7,11,91.34591914569032,40.538212060928345,"[1 1 1 1 1 0 1 1 0 0 0 1 0 1 1 0 1 0 0 0 0 0 1 0 1 0 0 1 1 1 1 1 0 1 1 0 1
 1 0 0 0 1 1 0 0 0 0 1 0 0 0 1 1 0 0 1 1]",[87305.57611626 49585.58236446],98.83152173913044
7,12,91.34591914569032,44.0839729309082,"[1 1 1 1 1 0 1 1 0 0 0 1 0 1 1 0 1 0 0 0 0 0 1 0 1 0 0 1 1 1 1 1 0 1 1 0 1
 1 0 0 0 1 1 0 0 0 0 1 0 0 0 1 1 0 0 1 1]",[87305.57611626 49585.58236446],98.83152173913044
7,13,91.36155606407324,47.596076250076294,"[1 0 1 1 0 0 1 1 0 0 1 0 0 1 0 0 1 0 1 0 0 1 0 0 0 1 1 0 0 1 0 0 1 0 1 1 1
 0 1 0 0 0 0 0 1 1 0 1 0 0 1 1 0 0 0 1 1]",[15507.75022882 97371.38781067],99.72826086956522
7,14,92.07246376811597,51.45933508872986,"[1 1 1 1 1 0 1 1 0 0 0 1 0 1 1 0 1 0 0 0 0 0 1 0 1 0 0 1 1 1 1 1 0 1 1 0 1
 1 0 0 0 1 1 0 0 0 0 1 0 0 0 1 1 0 0 1 1]",[87305.57611626 49585.58236446],98.42391304347827
7,15,92.07246376811597,54.58856987953186,"[1 1 1 1 1 0 1 1 0 0 0 1 0 1 1 0 1 0 0 0 0 0 1 0 1 0 0 1 1 1 1 1 0 1 1 0 1
 1 0 0 0 1 1 0 0 0 0 1 0 0 0 1 1 0 0 1 1]",[87305.57611626 49585.58236446],98.42391304347827
7,16,92.43897787948131,57.89380097389221,"[1 1 1 1 1 0 1 1 0 0 0 1 0 1 1 0 1 0 0 0 0 0 1 0 1 0 0 1 1 1 1 1 0 1 1 0 1
 1 0 0 0 1 1 0 0 0 0 1 0 0 0 1 1 0 0 1 1]",[87305.57611626 49585.58236446],99.32065217391305
7,17,92.43897787948131,60.98578906059265,"[1 1 1 1 1 0 1 1 0 0 0 1 0 1 1 0 1 0 0 0 0 0 1 0 1 0 0 1 1 1 1 1 0 1 1 0 1
 1 0 0 0 1 1 0 0 0 0 1 0 0 0 1 1 0 0 1 1]",[87305.57611626 49585.58236446],99.32065217391305
7,18,92.43897787948131,64.18146324157715,"[1 1 1 1 1 0 1 1 0 0 0 1 0 1 1 0 1 0 0 0 0 0 1 0 1 0 0 1 1 1 1 1 0 1 1 0 1
 1 0 0 0 1 1 0 0 0 0 1 0 0 0 1 1 0 0 1 1]",[87305.57611626 49585.58236446],99.32065217391305
7,19,92.43897787948131,67.40627384185791,"[1 1 1 1 1 0 1 1 0 0 0 1 0 1 1 0 1 0 0 0 0 0 1 0 1 0 0 1 1 1 1 1 0 1 1 0 1
 1 0 0 0 1 1 0 0 0 0 1 0 0 0 1 1 0 0 1 1]",[87305.57611626 49585.58236446],99.32065217391305
8,0,90.5511060259344,3.613546371459961,"[1 1 1 0 1 1 0 0 0 1 1 0 1 1 1 0 1 0 1 0 1 1 0 1 1 0 0 1 0 0 1 0 0 1 0 0 0
 0 0 1 0 0 1 0 1 0 1 1 0 0 0 1 0 0 1 0 0]",[30362.1901702  14703.43064394],99.59239130434783
8,1,90.5511060259344,6.725564241409302,"[1 1 1 0 1 1 0 0 0 1 1 0 1 1 1 0 1 0 1 0 1 1 0 1 1 0 0 1 0 0 1 0 0 1 0 0 0
 0 0 1 0 0 1 0 1 0 1 1 0 0 0 1 0 0 1 0 0]",[30362.1901702  14703.43064394],99.59239130434783
8,2,90.5511060259344,10.37737226486206,"[1 1 1 0 1 1 0 0 0 1 1 0 1 1 1 0 1 0 1 0 1 1 0 1 1 0 0 1 0 0 1 0 0 1 0 0 0
 0 0 1 0 0 1 0 1 0 1 1 0 0 0 1 0 0 1 0 0]",[30362.1901702  14703.43064394],99.59239130434783
8,3,90.5511060259344,13.52190637588501,"[1 1 1 0 1 1 0 0 0 1 1 0 1 1 1 0 1 0 1 0 1 1 0 1 1 0 0 1 0 0 1 0 0 1 0 0 0
 0 0 1 0 0 1 0 1 0 1 1 0 0 0 1 0 0 1 0 0]",[30362.1901702  14703.43064394],99.59239130434783
8,4,90.70938215102974,16.65814709663391,"[1 0 0 1 0 0 1 0 1 1 1 0 1 0 1 0 1 1 1 0 1 0 1 1 0 1 0 1 1 0 1 0 0 1 0 0 1
 1 1 0 0 0 1 0 1 1 1 1 1 0 0 1 0 0 1 0 0]",[96123.21395554 17239.34484522],98.91304347826086
8,5,90.70938215102974,19.854488134384155,"[1 0 0 1 0 0 1 0 1 1 1 0 1 0 1 0 1 1 1 0 1 0 1 1 0 1 0 1 1 0 1 0 0 1 0 0 1
 1 1 0 0 0 1 0 1 1 1 1 1 0 0 1 0 0 1 0 0]",[96123.21395554 17239.34484522],98.91304347826086
8,6,90.70938215102974,22.91585111618042,"[1 0 0 1 0 0 1 0 1 1 1 0 1 0 1 0 1 1 1 0 1 0 1 1 0 1 0 1 1 0 1 0 0 1 0 0 1
 1 1 0 0 0 1 0 1 1 1 1 1 0 0 1 0 0 1 0 0]",[96123.21395554 17239.34484522],98.91304347826086
8,7,90.70938215102974,26.273656129837036,"[1 0 0 1 0 0 1 0 1 1 1 0 1 0 1 0 1 1 1 0 1 0 1 1 0 1 0 1 1 0 1 0 0 1 0 0 1
 1 1 0 0 0 1 0 1 1 1 1 1 0 0 1 0 0 1 0 0]",[96123.21395554 17239.34484522],98.91304347826086
8,8,91.36155606407324,29.62298321723938,"[1 0 0 1 0 0 1 0 1 1 1 0 1 0 1 0 1 1 1 0 1 0 1 1 0 1 0 1 1 0 1 0 0 1 0 0 1
 1 1 0 0 0 1 0 1 1 1 1 1 0 0 1 0 0 1 0 0]",[96123.21395554 17239.34484522],99.72826086956522
8,9,91.36155606407324,32.70726227760315,"[1 0 0 1 0 0 1 0 1 1 1 0 1 0 1 0 1 1 1 0 1 0 1 1 0 1 0 1 1 0 1 0 0 1 0 0 1
 1 1 0 0 0 1 0 1 1 1 1 1 0 0 1 0 0 1 0 0]",[96123.21395554 17239.34484522],99.72826086956522
8,10,91.36155606407324,36.20622634887695,"[1 0 0 1 0 0 1 0 1 1 1 0 1 0 1 0 1 1 1 0 1 0 1 1 0 1 0 1 1 0 1 0 0 1 0 0 1
 1 1 0 0 0 1 0 1 1 1 1 1 0 0 1 0 0 1 0 0]",[96123.21395554 17239.34484522],99.72826086956522
8,11,91.84591914569032,39.292198181152344,"[1 1 1 0 0 1 1 0 1 0 0 1 0 0 0 0 1 0 1 0 1 0 1 0 0 1 0 0 1 0 1 0 1 0 1 0 1
 0 0 1 0 0 1 0 1 1 0 1 0 1 1 1 1 0 0 1 1]",[87133.43881179  8166.00440715],99.45652173913044
8,12,91.84591914569032,43.02993035316467,"[1 1 1 0 0 1 1 0 1 0 0 1 0 0 0 0 1 0 1 0 1 0 1 0 0 1 0 0 1 0 1 0 1 0 1 0 1
 0 0 1 0 0 1 0 1 1 0 1 0 1 1 1 1 0 0 1 1]",[87133.43881179  8166.00440715],99.45652173913044
8,13,91.84591914569032,46.491228342056274,"[1 1 1 0 0 1 1 0 1 0 0 1 0 0 0 0 1 0 1 0 1 0 1 0 0 1 0 0 1 0 1 0 1 0 1 0 1
 0 0 1 0 0 1 0 1 1 0 1 0 1 1 1 1 0 0 1 1]",[87133.43881179  8166.00440715],99.45652173913044
8,14,91.84591914569032,49.88595914840698,"[1 1 1 0 0 1 1 0 1 0 0 1 0 0 0 0 1 0 1 0 1 0 1 0 0 1 0 0 1 0 1 0 1 0 1 0 1
 0 0 1 0 0 1 0 1 1 0 1 0 1 1 1 1 0 0 1 1]",[87133.43881179  8166.00440715],99.45652173913044
8,15,91.84591914569032,53.320746421813965,"[1 1 1 0 0 1 1 0 1 0 0 1 0 0 0 0 1 0 1 0 1 0 1 0 0 1 0 0 1 0 1 0 1 0 1 0 1
 0 0 1 0 0 1 0 1 1 0 1 0 1 1 1 1 0 0 1 1]",[87133.43881179  8166.00440715],99.45652173913044
8,16,92.0911517925248,57.42679715156555,"[1 1 0 1 0 1 1 0 0 0 1 0 1 1 0 0 1 0 0 1 1 0 0 0 1 0 0 1 1 0 1 1 1 1 1 1 1
 0 0 1 0 0 0 0 1 0 1 0 0 1 0 1 1 0 1 0 0]",[87636.38072988 27398.58173626],98.88586956521739
8,17,92.0911517925248,60.452333211898804,"[1 1 0 1 0 1 1 0 0 0 1 0 1 1 0 0 1 0 0 1 1 0 0 0 1 0 0 1 1 0 1 1 1 1 1 1 1
 0 0 1 0 0 0 0 1 0 1 0 0 1 0 1 1 0 1 0 0]",[87636.38072988 27398.58173626],98.88586956521739
8,18,92.0911517925248,63.65045237541199,"[1 1 0 1 0 1 1 0 0 0 1 0 1 1 0 0 1 0 0 1 1 0 0 0 1 0 0 1 1 0 1 1 1 1 1 1 1
 0 0 1 0 0 0 0 1 0 1 0 0 1 0 1 1 0 1 0 0]",[87636.38072988 27398.58173626],98.88586956521739
8,19,92.0911517925248,66.9021852016449,"[1 1 0 1 0 1 1 0 0 0 1 0 1 1 0 0 1 0 0 1 1 0 0 0 1 0 0 1 1 0 1 1 1 1 1 1 1
 0 0 1 0 0 0 0 1 0 1 0 0 1 0 1 1 0 1 0 0]",[87636.38072988 27398.58173626],98.88586956521739
9,0,91.07589626239513,3.6208770275115967,"[1 1 1 0 0 0 0 0 0 0 1 0 1 1 1 0 1 0 0 0 0 1 0 1 0 1 1 0 1 1 1 1 1 1 1 0 0
 1 1 0 0 0 1 1 1 0 1 1 0 0 0 1 1 1 1 0 1]",[53440.26093478 99745.24197366],99.80978260869566
9,1,91.4515636918383,6.516917943954468,"[0 1 1 0 0 0 1 1 0 0 0 0 1 1 1 1 1 0 1 0 0 1 1 0 0 1 0 0 0 1 0 1 1 0 1 1 0
 1 0 1 1 0 1 1 1 0 1 0 0 0 0 0 0 1 1 1 1]",[99395.15376619 47691.01967384],99.40217391304348
9,2,91.4515636918383,9.78693675994873,"[0 1 1 0 0 0 1 1 0 0 0 0 1 1 1 1 1 0 1 0 0 1 1 0 0 1 0 0 0 1 0 1 1 0 1 1 0
 1 0 1 1 0 1 1 1 0 1 0 0 0 0 0 0 1 1 1 1]",[99395.15376619 47691.01967384],99.40217391304348
9,3,91.4515636918383,12.771852970123291,"[0 1 1 0 0 0 1 1 0 0 0 0 1 1 1 1 1 0 1 0 0 1 1 0 0 1 0 0 0 1 0 1 1 0 1 1 0
 1 0 1 1 0 1 1 1 0 1 0 0 0 0 0 0 1 1 1 1]",[99395.15376619 47691.01967384],99.40217391304348
9,4,91.4515636918383,15.765421867370605,"[0 1 1 0 0 0 1 1 0 0 0 0 1 1 1 1 1 0 1 0 0 1 1 0 0 1 0 0 0 1 0 1 1 0 1 1 0
 1 0 1 1 0 1 1 1 0 1 0 0 0 0 0 0 1 1 1 1]",[99395.15376619 47691.01967384],99.40217391304348
9,5,91.4515636918383,19.053128004074097,"[0 1 1 0 0 0 1 1 0 0 0 0 1 1 1 1 1 0 1 0 0 1 1 0 0 1 0 0 0 1 0 1 1 0 1 1 0
 1 0 1 1 0 1 1 1 0 1 0 0 0 0 0 0 1 1 1 1]",[99395.15376619 47691.01967384],99.40217391304348
9,6,91.66895499618612,22.28867483139038,"[1 1 1 0 0 0 0 0 0 0 1 0 1 1 1 0 1 0 0 0 0 1 0 1 0 1 1 0 1 1 1 1 1 1 1 0 0
 1 1 0 0 0 1 1 1 0 1 1 0 0 0 1 1 1 1 0 1]",[53440.26093478 99745.24197366],99.67391304347825
9,7,91.66895499618612,25.743454933166504,"[1 1 1 0 0 0 0 0 0 0 1 0 1 1 1 0 1 0 0 0 0 1 0 1 0 1 1 0 1 1 1 1 1 1 1 0 0
 1 1 0 0 0 1 1 1 0 1 1 0 0 0 1 1 1 1 0 1]",[53440.26093478 99745.24197366],99.67391304347825
9,8,91.66895499618612,28.770750999450684,"[1 1 1 0 0 0 0 0 0 0 1 0 1 1 1 0 1 0 0 0 0 1 0 1 0 1 1 0 1 1 1 1 1 1 1 0 0
 1 1 0 0 0 1 1 1 0 1 1 0 0 0 1 1 1 1 0 1]",[53440.26093478 99745.24197366],99.67391304347825
9,9,91.66895499618612,31.99516487121582,"[1 1 1 0 0 0 0 0 0 0 1 0 1 1 1 0 1 0 0 0 0 1 0 1 0 1 1 0 1 1 1 1 1 1 1 0 0
 1 1 0 0 0 1 1 1 0 1 1 0 0 0 1 1 1 1 0 1]",[53440.26093478 99745.24197366],99.67391304347825
9,10,91.66895499618612,35.573375940322876,"[1 1 1 0 0 0 0 0 0 0 1 0 1 1 1 0 1 0 0 0 0 1 0 1 0 1 1 0 1 1 1 1 1 1 1 0 0
 1 1 0 0 0 1 1 1 0 1 1 0 0 0 1 1 1 1 0 1]",[53440.26093478 99745.24197366],99.67391304347825
9,11,91.66895499618612,38.80031180381775,"[1 1 1 0 0 0 0 0 0 0 1 0 1 1 1 0 1 0 0 0 0 1 0 1 0 1 1 0 1 1 1 1 1 1 1 0 0
 1 1 0 0 0 1 1 1 0 1 1 0 0 0 1 1 1 1 0 1]",[53440.26093478 99745.24197366],99.67391304347825
9,12,91.66895499618612,43.319068908691406,"[1 1 1 0 0 0 0 0 0 0 1 0 1 1 1 0 1 0 0 0 0 1 0 1 0 1 1 0 1 1 1 1 1 1 1 0 0
 1 1 0 0 0 1 1 1 0 1 1 0 0 0 1 1 1 1 0 1]",[53440.26093478 99745.24197366],99.67391304347825
9,13,91.66895499618612,46.71328806877136,"[1 1 1 0 0 0 0 0 0 0 1 0 1 1 1 0 1 0 0 0 0 1 0 1 0 1 1 0 1 1 1 1 1 1 1 0 0
 1 1 0 0 0 1 1 1 0 1 1 0 0 0 1 1 1 1 0 1]",[53440.26093478 99745.24197366],99.67391304347825
9,14,91.6906941266209,49.84095788002014,"[1 1 1 0 0 0 0 0 0 0 1 0 1 1 1 0 1 0 0 0 0 1 0 1 0 1 1 0 1 1 1 1 1 1 1 0 0
 1 1 0 0 0 1 1 1 0 1 1 0 0 0 1 1 1 1 0 1]",[53440.26093478 99745.24197366],99.70108695652173
9,15,91.6906941266209,53.1822509765625,"[1 1 1 0 0 0 0 0 0 0 1 0 1 1 1 0 1 0 0 0 0 1 0 1 0 1 1 0 1 1 1 1 1 1 1 0 0
 1 1 0 0 0 1 1 1 0 1 1 0 0 0 1 1 1 1 0 1]",[53440.26093478 99745.24197366],99.70108695652173
9,16,91.6906941266209,56.52619290351868,"[1 1 1 0 0 0 0 0 0 0 1 0 1 1 1 0 1 0 0 0 0 1 0 1 0 1 1 0 1 1 1 1 1 1 1 0 0
 1 1 0 0 0 1 1 1 0 1 1 0 0 0 1 1 1 1 0 1]",[53440.26093478 99745.24197366],99.70108695652173
9,17,91.6906941266209,62.4112651348114,"[1 1 1 0 0 0 0 0 0 0 1 0 1 1 1 0 1 0 0 0 0 1 0 1 0 1 1 0 1 1 1 1 1 1 1 0 0
 1 1 0 0 0 1 1 1 0 1 1 0 0 0 1 1 1 1 0 1]",[53440.26093478 99745.24197366],99.70108695652173
9,18,91.6906941266209,65.48199605941772,"[1 1 1 0 0 0 0 0 0 0 1 0 1 1 1 0 1 0 0 0 0 1 0 1 0 1 1 0 1 1 1 1 1 1 1 0 0
 1 1 0 0 0 1 1 1 0 1 1 0 0 0 1 1 1 1 0 1]",[53440.26093478 99745.24197366],99.70108695652173
9,19,91.6906941266209,68.50606298446655,"[1 1 1 0 0 0 0 0 0 0 1 0 1 1 1 0 1 0 0 0 0 1 0 1 0 1 1 0 1 1 1 1 1 1 1 0 0
 1 1 0 0 0 1 1 1 0 1 1 0 0 0 1 1 1 1 0 1]",[53440.26093478 99745.24197366],99.70108695652173
